10.1234/altmetric0,Small Wooden Chair,1337-8688,Amari Lubowitz,Shanahan, Green and Ziemann
10.1234/altmetric100,Ergonomic Rubber Shirt,2542-5856,Lenny Kshlerin,Wilkinson, Gaylord and Gerlach
10.1234/altmetric103,Fantastic Granite Computer,3775-0307,Howard Spinka Jr.,Hahn and Sons
10.1234/altmetric11,Awesome Steel Chair,1011-2513,Dr. Chandler Flatley,Lesch, Leannon and Schiller
10.1234/altmetric113,Incredible Cotton Car,1394-1363,Rigoberto Hickle,Vandervort-Bernier
10.1234/altmetric115,Ergonomic Steel Gloves,7744-7394,Kathryn Smith II,Corkery, White and Boehm
10.1234/altmetric117,Ergonomic Steel Shirt,5624-7424,Jacinthe Johnston,Davis-Wolf
10.1234/altmetric118,Gorgeous Cotton Chair,68178437,Ms. Emilio Grady,Corkery-Jast
10.1234/altmetric119,Awesome Wooden Shoes,84475341,Aracely Schneider,Smith, Boehm and Haley
10.1234/altmetric119,Rustic Rubber Chair,2330-6361,Aracely Schneider,Sauer, Mills and Rodriguez
10.1234/altmetric121,Intelligent Concrete Shoes,8151-0432,Emmitt Mueller,Schiller, Feeney and Kuhlman
10.1234/altmetric124,Ergonomic Plastic Gloves,3151-1811,Estella Predovic,Rempel Group
10.1234/altmetric127,Incredible Steel Gloves,2447-3901,Annamarie Nader,Hackett and Sons
10.1234/altmetric127,Incredible Wooden Car,10615642,Annamarie Nader,Cole-Thompson
10.1234/altmetric129,Gorgeous Plastic Computer,2172-8744,Rebeka Koss,Lemke-Sauer
10.1234/altmetric13,Sleek Plastic Gloves,0711-5119,Velma Rowe,Wisoky-Gulgowski
10.1234/altmetric133,Incredible Rubber Car,2852-4351,Miss Savannah Heathcote,Wehner-Jerde
10.1234/altmetric135,Small Plastic Computer,4457-7885,Greg Kessler V,Quitzon Group
10.1234/altmetric136,Rustic Concrete Gloves,5185-8518,Sammy Trantow,Beatty, Yundt and Ruecker
10.1234/altmetric139,Awesome Plastic Hat,6263-8718,Amari Lubowitz,Lebsack and Sons
10.1234/altmetric139,Sleek Concrete Table,7486-7537,Amari Lubowitz,Wintheiser, Nitzsche and Steuber
10.1234/altmetric140,Awesome Plastic Shoes,7126-8933,Terrell Ritchie,Wehner-Green
10.1234/altmetric140,Practical Wooden Shirt,3574-8397,Terrell Ritchie,Crona-Baumbach
10.1234/altmetric142,Awesome Granite Shoes,9865-2746,Nora Johnston,Hand LLC
10.1234/altmetric145,Fantastic Plastic Car,4321-6136,Nora Johnston,Pouros, Bergnaum and Farrell
10.1234/altmetric146,Sleek Plastic Shirt,5244-2255,Kathryn Smith II,Schneider Inc
10.1234/altmetric147,Ergonomic Steel Car,2838-4244,Colleen Okuneva IV,Rutherford-Hand
10.1234/altmetric150,Incredible Wooden Pants,6351-3231,Sage Waters I,Cruickshank and Sons
10.1234/altmetric150,Rustic Steel Computer,8930-2501,Sage Waters I,Huel LLC
10.1234/altmetric153,Awesome Wooden Pants,9822-9395,Erich Borer Sr.,Keeling, Yundt and Gusikowski
10.1234/altmetric153,Intelligent Steel Shirt,1286-4993,Erich Borer Sr.,Orn Inc
10.1234/altmetric155,Rustic Plastic Pants,9667-8162,Randal Koelpin,Gleichner, Shanahan and Predovic
10.1234/altmetric156,Fantastic Plastic Chair,8768-8891,Emmitt Mueller,Becker LLC
10.1234/altmetric156,Gorgeous Concrete Table,3760-2228,Emmitt Mueller,Adams-Fay
10.1234/altmetric156,Sleek Plastic Chair,2781-6347,Emmitt Mueller,Lynch and Sons
10.1234/altmetric158,Ergonomic Plastic Pants,7641-5567,Sidney Muller IV,Kling LLC
10.1234/altmetric16,Practical Wooden Shoes,7651-7893,Kathryn Smith II,Hyatt-Goodwin
10.1234/altmetric16,Rustic Wooden Shirt,1855-3425,Kathryn Smith II,Bosco-Cruickshank
10.1234/altmetric160,Practical Wooden Shirt,3119-7753,Abraham Friesen,Stroman-Erdman
10.1234/altmetric161,Practical Cotton Pants,4352-4478,Maxime Mills,Reichel, Wiza and Spencer
10.1234/altmetric163,Awesome Cotton Gloves,8743-5081,Dr. Chandler Flatley,Zboncak Group
10.1234/altmetric164,Ergonomic Cotton Gloves,4336-8427,Brennon Morissette,Becker and Sons
10.1234/altmetric165,Gorgeous Steel Table,9749-4418,Jacinthe Johnston,Hyatt, Gibson and Walker
10.1234/altmetric165,Intelligent Wooden Chair,6457-7841,Jacinthe Johnston,Dietrich Group
10.1234/altmetric167,Fantastic Granite Computer,3516-3718,Dr. Chandler Flatley,Sawayn-Stoltenberg
10.1234/altmetric167,Small Granite Car,0015-8878,Dr. Chandler Flatley,Zulauf-Bauch
10.1234/altmetric168,Awesome Cotton Chair,12577716,Maximillia Rempel,Ziemann-Lemke
10.1234/altmetric168,Ergonomic Plastic Chair,34230440,Maximillia Rempel,Emard Group
10.1234/altmetric17,Small Plastic Table,9670-3728,Maxime Mills,Moore Group
10.1234/altmetric171,Awesome Plastic Car,9275-2941,Colleen Okuneva IV,Howell Inc
10.1234/altmetric172,Intelligent Cotton Gloves,0736-8516,Lysanne Swift,Bosco and Sons
10.1234/altmetric175,Sleek Plastic Shirt,2822-9396,Meaghan Steuber Sr.,Bartoletti-Lebsack
10.1234/altmetric176,Ergonomic Steel Chair,3394-4393,Ena Okuneva,Schmidt, Miller and Schamberger
10.1234/altmetric177,Incredible Steel Pants,4814-7191,Darion Wilderman Jr.,Rau-Kessler
10.1234/altmetric179,Awesome Wooden Shirt,4361-4534,Emmitt Mueller,Champlin, Jacobson and Stehr
10.1234/altmetric179,Ergonomic Steel Gloves,6263-8718,Emmitt Mueller,Lebsack and Sons
10.1234/altmetric179,Sleek Rubber Car,4098-0477,Emmitt Mueller,Steuber LLC
10.1234/altmetric180,Fantastic Concrete Hat,4932-5361,Monserrat Heaney IV,Schultz LLC
10.1234/altmetric180,Small Plastic Shirt,1304-8547,Monserrat Heaney IV,Dietrich and Sons
10.1234/altmetric186,Awesome Concrete Hat,32533273,Ms. Emilio Grady,MacGyver, Satterfield and Kutch
10.1234/altmetric186,Intelligent Plastic Pants,1085-4412,Ms. Emilio Grady,Donnelly Inc
10.1234/altmetric189,Incredible Cotton Table,3124-3083,Ms. Ella Lynch,Ledner, Greenfelder and Fahey
10.1234/altmetric194,Fantastic Rubber Gloves,6888-1677,Sage Waters I,Tillman, Abshire and Goldner
10.1234/altmetric194,Small Cotton Pants,6342-6190,Sage Waters I,Champlin-Abernathy
10.1234/altmetric198,Fantastic Rubber Hat,7826-6161,Orpha Cremin,Pfeffer, Mayer and Gorczany
10.1234/altmetric198,Intelligent Plastic Hat,1117-0179,Orpha Cremin,Marquardt Inc
10.1234/altmetric198,Sleek Concrete Gloves,8506-6012,Orpha Cremin,Cormier-Gulgowski
10.1234/altmetric199,Intelligent Rubber Computer,7178-0841,Seth Howell,Rogahn-Rice
10.1234/altmetric200,Intelligent Concrete Table,2365-1917,Amari Lubowitz,Waelchi-Maggio
10.1234/altmetric201,Gorgeous Concrete Table,07115119,Akeem Toy,Wisoky-Gulgowski
10.1234/altmetric207,Intelligent Concrete Computer,1636-9622,Rebeka Koss,Gottlieb and Sons
10.1234/altmetric209,Sleek Wooden Pants,8402-8565,Perry Ondricka,Robel Inc
10.1234/altmetric21,Rustic Steel Shirt,7247-8258,Greg Kessler V,Wisoky-Heidenreich
10.1234/altmetric214,Practical Concrete Gloves,4732-3783,Mrs. Guillermo Rutherford,Gaylord, Ebert and Schimmel
10.1234/altmetric216,Ergonomic Cotton Shirt,0711-5119,Ms. Emilio Grady,Wisoky-Gulgowski
10.1234/altmetric216,Fantastic Plastic Shoes,5827-3187,Ms. Emilio Grady,Considine, Tillman and Botsford
10.1234/altmetric216,Small Concrete Shirt,3614-5445,Ms. Emilio Grady,Brekke, Bartell and Brown
10.1234/altmetric217,Sleek Concrete Shoes,2569-4841,Ena Okuneva,Emmerich, Ward and King
10.1234/altmetric218,Ergonomic Granite Chair,9951-9532,Mrs. Guillermo Rutherford,Brakus Group
10.1234/altmetric22,Practical Plastic Gloves,2987-4701,Sidney Muller IV,Wisoky LLC
10.1234/altmetric220,Awesome Rubber Pants,5454-5726,Flavie Howe,Gorczany-Koepp
10.1234/altmetric222,Fantastic Wooden Pants,7508-7813,Katelin Wiegand,Sauer, Collier and Maggio
10.1234/altmetric224,Small Steel Hat,2257-8967,Colleen Okuneva IV,MacGyver-Bernier
10.1234/altmetric229,Ergonomic Wooden Hat,6625-6746,Mr. Georgette DuBuque,Breitenberg, Dietrich and Corkery
10.1234/altmetric23,Rustic Wooden Gloves,1567-2301,Demario Heathcote DVM,Mohr, Denesik and Wolff
10.1234/altmetric232,Intelligent Plastic Shoes,48668484,Aracely Schneider,Carter-Durgan
10.1234/altmetric235,Small Wooden Table,3244-4791,Miss Savannah Heathcote,Wintheiser-Mosciski
10.1234/altmetric238,Gorgeous Cotton Pants,3976-6756,Sammy Trantow,Graham-Boyer
10.1234/altmetric239,Small Cotton Chair,1144-3385,Demetris Schultz,Marks-Spencer
10.1234/altmetric24,Incredible Granite Chair,8611-3315,Mrs. Sterling Eichmann,Glover, Turcotte and Rowe
10.1234/altmetric246,Intelligent Cotton Shirt,4877-4668,Rigoberto Hickle,Von-Vandervort
10.1234/altmetric248,Incredible Concrete Gloves,33944393,Vicente Baumbach,Schmidt, Miller and Schamberger
10.1234/altmetric251,Sleek Steel Shirt,3664-6592,Sammy Trantow,Hettinger-Murazik
10.1234/altmetric252,Practical Granite Shoes,4438-7273,Rigoberto Hickle,Purdy, Treutel and Johns
10.1234/altmetric252,Practical Wooden Hat,0222-9942,Rigoberto Hickle,Hodkiewicz-Carroll
10.1234/altmetric253,Sleek Plastic Shirt,0452-3653,Darion Wilderman Jr.,Rempel-Steuber
10.1234/altmetric253,Small Concrete Gloves,0156-2565,Darion Wilderman Jr.,Senger-Simonis
10.1234/altmetric255,Incredible Rubber Chair,8757-5584,Richie Cassin Sr.,Kris-Kovacek
10.1234/altmetric261,Awesome Plastic Gloves,1722-6342,Brennon Morissette,Goldner, Schowalter and Adams
10.1234/altmetric265,Awesome Granite Computer,33944393,Maximillia Rempel,Schmidt, Miller and Schamberger
10.1234/altmetric266,Awesome Rubber Gloves,1002-7248,Jacinthe Johnston,Schimmel LLC
10.1234/altmetric267,Awesome Plastic Chair,6567-7838,Jeramy Conroy,Bergstrom-Dach
10.1234/altmetric267,Practical Wooden Table,7988-0761,Jeramy Conroy,Frami Group
10.1234/altmetric267,Small Concrete Pants,0421-2684,Jeramy Conroy,Goldner LLC
10.1234/altmetric268,Gorgeous Rubber Car,4352-4478,Lenny Kshlerin,Reichel, Wiza and Spencer
10.1234/altmetric268,Small Granite Pants,2721-9414,Lenny Kshlerin,Upton Group
10.1234/altmetric269,Sleek Plastic Pants,6754-6563,Howard Spinka Jr.,Durgan-Ryan
10.1234/altmetric271,Incredible Plastic Hat,6322-4751,Miss Angela Ratke,Smith-O'Conner
10.1234/altmetric273,Ergonomic Plastic Shoes,5188-8757,Bernita Von Jr.,Romaguera Inc
10.1234/altmetric279,Gorgeous Wooden Table,4415-5455,Miss Richie Rolfson,Hettinger Group
10.1234/altmetric286,Incredible Concrete Car,7488-7374,Darion Wilderman Jr.,Hoppe-Fahey
10.1234/altmetric287,Incredible Wooden Car,3963-7736,Maxime Mills,Carroll-Stehr
10.1234/altmetric289,Awesome Wooden Gloves,6785-8641,Sidney Muller IV,Stoltenberg-Schuppe
10.1234/altmetric289,Rustic Rubber Car,2435-5144,Sidney Muller IV,Rogahn-Kerluke
10.1234/altmetric289,Small Concrete Hat,1334-9157,Sidney Muller IV,Corkery Inc
10.1234/altmetric29,Intelligent Plastic Pants,2029-9252,Ms. Amos Ortiz,Grimes, Pfannerstill and Doyle
10.1234/altmetric294,Incredible Wooden Car,2886-2562,Marcelino Schuster,Thompson, Breitenberg and Braun
10.1234/altmetric297,Rustic Granite Shoes,8879-3737,Vivienne Purdy I,Hermiston-Renner
10.1234/altmetric299,Incredible Steel Car,7332-1173,Brendon Balistreri Sr.,Bernier, Cormier and Littel
10.1234/altmetric3,Intelligent Rubber Pants,1603-5335,Miss Angela Ratke,Aufderhar-Cremin
10.1234/altmetric3,Practical Granite Hat,1271-8688,Miss Angela Ratke,Terry-Wiegand
10.1234/altmetric3,Rustic Granite Hat,0386-5126,Miss Angela Ratke,Larson-Stark
10.1234/altmetric30,Practical Concrete Computer,3307-4855,Dr. Chandler Flatley,Armstrong, Kautzer and Kertzmann
10.1234/altmetric302,Sleek Plastic Car,4368-3678,Meaghan Steuber Sr.,Vandervort, Hane and Heller
10.1234/altmetric303,Gorgeous Wooden Shoes,10615642,Vicente Baumbach,Cole-Thompson
10.1234/altmetric304,Practical Granite Chair,3908-4681,Greg Kessler V,Rolfson-Hessel
10.1234/altmetric307,Practical Rubber Pants,4157-2271,Jacinthe Johnston,Veum LLC
10.1234/altmetric308,Ergonomic Rubber Gloves,2486-8886,Miss Richie Rolfson,Mraz LLC
10.1234/altmetric308,Incredible Plastic Car,2366-1863,Miss Richie Rolfson,Stiedemann LLC
10.1234/altmetric309,Ergonomic Wooden Shirt,1005-2565,Ms. Amos Ortiz,Schmidt, Gislason and Heathcote
10.1234/altmetric31,Ergonomic Wooden Car,6705-1027,Uriel Hamill,Ward-Johnson
10.1234/altmetric31,Rustic Rubber Pants,1442-9686,Uriel Hamill,Kirlin, Littel and Collier
10.1234/altmetric312,Small Rubber Computer,9512-2584,Alyce Block,Nolan, Okuneva and Carroll
10.1234/altmetric314,Fantastic Wooden Chair,3684-8267,Mr. Georgette DuBuque,Homenick-Bins
10.1234/altmetric315,Gorgeous Rubber Chair,7178-0841,Presley Fahey,Rogahn-Rice
10.1234/altmetric315,Incredible Wooden Car,2822-9396,Presley Fahey,Bartoletti-Lebsack
10.1234/altmetric315,Intelligent Cotton Pants,8211-4592,Presley Fahey,Reilly-Rogahn
10.1234/altmetric316,Awesome Plastic Hat,42386865,Dr. Kasandra Jenkins,Harris, Mertz and Hermann
10.1234/altmetric317,Gorgeous Steel Hat,6337-6036,Ozella Lakin,Bednar, Tromp and Rempel
10.1234/altmetric317,Gorgeous Steel Table,5460-5260,Ozella Lakin,Bechtelar, Davis and Senger
10.1234/altmetric319,Awesome Cotton Pants,7469-8584,Mrs. Edmond Christiansen,Torp, Fisher and Kovacek
10.1234/altmetric321,Practical Concrete Gloves,5166-2372,Howard Spinka Jr.,Balistreri LLC
10.1234/altmetric323,Practical Wooden Table,6749-2713,Uriel Hamill,Schaefer LLC
10.1234/altmetric327,Awesome Cotton Computer,2065-9562,Richie Cassin Sr.,Bernier, Zboncak and Upton
10.1234/altmetric331,Ergonomic Steel Shoes,2778-7457,Mrs. Floy Dicki,Windler, Reichert and Prosacco
10.1234/altmetric331,Practical Rubber Table,3165-6713,Mrs. Floy Dicki,Hettinger, Monahan and VonRueden
10.1234/altmetric332,Gorgeous Rubber Car,2738-9740,Mr. Isaiah Gibson,Witting-Hand
10.1234/altmetric333,Gorgeous Granite Chair,6183-1943,Flavie Howe,Goldner, Bernhard and Mosciski
10.1234/altmetric334,Practical Concrete Gloves,1855-3425,Samara Reynolds,Bosco-Cruickshank
10.1234/altmetric334,Rustic Plastic Pants,6725-6064,Samara Reynolds,Deckow, Littel and Vandervort
10.1234/altmetric338,Gorgeous Wooden Shoes,1147-5723,Sidney Muller IV,Bogisich-Jenkins
10.1234/altmetric338,Incredible Rubber Table,6244-0687,Sidney Muller IV,Hintz, Schmeler and Morissette
10.1234/altmetric340,Fantastic Cotton Chair,1817-4888,Estella Predovic,Rempel Inc
10.1234/altmetric340,Sleek Rubber Computer,7566-2217,Estella Predovic,Bogisich Group
10.1234/altmetric341,Practical Granite Shoes,1250-6310,Richie Cassin Sr.,Runolfsson-Schaden
10.1234/altmetric343,Gorgeous Rubber Gloves,4325-4426,Vicente Baumbach,Dibbert Inc
10.1234/altmetric343,Practical Cotton Pants,7271-7294,Vicente Baumbach,Hane-Emmerich
10.1234/altmetric343,Sleek Plastic Gloves,40682837,Vicente Baumbach,Pacocha, Reichert and Wuckert
10.1234/altmetric347,Incredible Granite Pants,7126-8933,Ena Okuneva,Wehner-Green
10.1234/altmetric348,Gorgeous Granite Pants,0215-7474,Terrell Ritchie,Prohaska, Hilll and O'Conner
10.1234/altmetric349,Awesome Plastic Shirt,2885-6503,Greg Kessler V,Sporer, Kihn and Turner
10.1234/altmetric35,Awesome Plastic Shirt,4589-8693,Meaghan Steuber Sr.,Welch LLC
10.1234/altmetric351,Awesome Plastic Chair,1301-2039,Estella Predovic,Prosacco Inc
10.1234/altmetric353,Fantastic Rubber Computer,8249-5787,Dr. Chandler Flatley,Toy and Sons
10.1234/altmetric354,Incredible Steel Chair,48412355,Maximillia Rempel,Feeney-Gutkowski
10.1234/altmetric357,Gorgeous Granite Car,4746-8743,Mr. Georgette DuBuque,Harvey Group
10.1234/altmetric360,Gorgeous Cotton Shirt,1638-1452,Rebeka Koss,Borer-Hahn
10.1234/altmetric362,Ergonomic Steel Shoes,1869-0523,Terrell Ritchie,Powlowski, Kuhn and Krajcik
10.1234/altmetric362,Rustic Granite Shirt,5617-7741,Terrell Ritchie,Welch-Kuhlman
10.1234/altmetric363,Intelligent Plastic Table,1408-7633,Jacinthe Johnston,Erdman-Franecki
10.1234/altmetric363,Rustic Rubber Computer,5444-9542,Jacinthe Johnston,Jaskolski, Cronin and Mayert
10.1234/altmetric366,Awesome Cotton Shirt,6772-8260,Marcelino Schuster,Zulauf, Berge and Hartmann
10.1234/altmetric366,Gorgeous Plastic Shirt,5982-1413,Marcelino Schuster,Skiles, Sporer and Will
10.1234/altmetric367,Ergonomic Cotton Pants,2401-4478,Miss Savannah Heathcote,Stracke LLC
10.1234/altmetric368,Sleek Rubber Gloves,8611-3315,Otilia Swift,Glover, Turcotte and Rowe
10.1234/altmetric369,Intelligent Concrete Shirt,3767-5256,Kathryn Smith II,Sawayn, Schimmel and Hegmann
10.1234/altmetric371,Fantastic Plastic Shirt,8337-9477,Nora Johnston,Zieme and Sons
10.1234/altmetric372,Rustic Rubber Shoes,56155801,Bennett Towne DDS,Daugherty, Jakubowski and Schumm
10.1234/altmetric373,Ergonomic Rubber Table,2641-8758,Mrs. Floy Dicki,DuBuque, Schmidt and Beahan
10.1234/altmetric375,Incredible Wooden Pants,5982-1413,Monserrat Heaney IV,Skiles, Sporer and Will
10.1234/altmetric378,Intelligent Steel Shoes,7818-6587,Darion Wilderman Jr.,O'Connell and Sons
10.1234/altmetric38,Sleek Cotton Pants,1370-8176,Melissa Heaney,Stokes-Wunsch
10.1234/altmetric381,Gorgeous Steel Shirt,8735-4287,Ms. Amos Ortiz,Kassulke-Hansen
10.1234/altmetric382,Ergonomic Cotton Table,4951-7572,Lysanne Swift,Koepp-Hoeger
10.1234/altmetric383,Incredible Wooden Hat,5688-6579,Darion Wilderman Jr.,Heaney, Swift and Murphy
10.1234/altmetric384,Ergonomic Steel Hat,76317807,Maximillia Rempel,Funk-Schuppe
10.1234/altmetric384,Practical Cotton Car,6011-4094,Maximillia Rempel,Skiles, Lynch and Lebsack
10.1234/altmetric385,Rustic Rubber Pants,7819-5603,Ms. Rhiannon Mertz,Wunsch and Sons
10.1234/altmetric392,Intelligent Concrete Car,7480-8864,Lysanne Swift,Gottlieb-Gleichner
10.1234/altmetric395,Fantastic Plastic Shirt,6328-7573,Hermina Stiedemann,Kemmer, Kris and Kemmer
10.1234/altmetric400,Small Cotton Shoes,5615-5801,Miss Clifton Langosh,Daugherty, Jakubowski and Schumm
10.1234/altmetric402,Incredible Granite Shirt,9392-0074,Melissa Heaney,Cummerata Group
10.1234/altmetric403,Awesome Granite Hat,8399-2341,Colleen Okuneva IV,Bednar-Kunze
10.1234/altmetric404,Sleek Plastic Table,1610-0173,Jacinthe Johnston,Lesch-Schimmel
10.1234/altmetric407,Intelligent Cotton Car,5111-4288,Jacinthe Johnston,Grant LLC
10.1234/altmetric409,Ergonomic Steel Table,27797014,Dr. Kasandra Jenkins,Gusikowski, Ernser and Will
10.1234/altmetric409,Intelligent Granite Shirt,3117-2462,Dr. Kasandra Jenkins,Mohr and Sons
10.1234/altmetric412,Awesome Cotton Chair,3355-0845,Bernita Von Jr.,Gottlieb and Sons
10.1234/altmetric413,Fantastic Concrete Car,3177-6553,Oswald Kuvalis,Nolan, Watsica and Yundt
10.1234/altmetric415,Ergonomic Concrete Shoes,1155-5622,Frederic Sanford,Kuhic, O'Conner and Dickinson
10.1234/altmetric420,Practical Granite Pants,8757-5584,Mr. Georgette DuBuque,Kris-Kovacek
10.1234/altmetric422,Ergonomic Cotton Chair,0777-6439,Lysanne Swift,Hand-Wilkinson
10.1234/altmetric424,Fantastic Steel Shirt,15277797,Layla Larson,Powlowski Group
10.1234/altmetric429,Practical Granite Hat,8631-6357,Lenny Kshlerin,Greenholt-Wilkinson
10.1234/altmetric431,Practical Rubber Shoes,1347-9721,Sage Waters I,Kiehn Group
10.1234/altmetric432,Fantastic Steel Car,5039-2276,Kathryn Smith II,Macejkovic, Paucek and Lowe
10.1234/altmetric432,Intelligent Granite Shoes,8757-6777,Kathryn Smith II,Hudson, Doyle and Spencer
10.1234/altmetric439,Awesome Plastic Hat,3614-5445,Ozella Lakin,Brekke, Bartell and Brown
10.1234/altmetric439,Ergonomic Wooden Gloves,2173-5596,Ozella Lakin,Crooks Group
10.1234/altmetric439,Practical Plastic Shoes,5372-6425,Ozella Lakin,Ratke and Sons
10.1234/altmetric440,Ergonomic Cotton Chair,1531-7130,Demario Heathcote DVM,Franecki, Herman and Krajcik
10.1234/altmetric441,Practical Wooden Chair,8778-2611,Jacinthe Johnston,Osinski Group
10.1234/altmetric443,Awesome Plastic Gloves,0736-8516,Hermina Stiedemann,Bosco and Sons
10.1234/altmetric444,Practical Concrete Shoes,8229-6263,Isom Haley,Pacocha-Lowe
10.1234/altmetric445,Incredible Concrete Computer,9024-1117,Ahmad Pouros MD,Cassin-Swaniawski
10.1234/altmetric446,Sleek Granite Chair,6882-3891,Mrs. Sterling Eichmann,Mayer, Hahn and Gibson
10.1234/altmetric447,Fantastic Granite Shoes,4833-6487,Uriel Hamill,Brown-Mayert
10.1234/altmetric449,Ergonomic Cotton Chair,2465-4952,Greg Kessler V,Lehner, Mohr and Leannon
10.1234/altmetric450,Gorgeous Plastic Shoes,8474-5348,Uriel Hamill,Lockman, Hahn and Davis
10.1234/altmetric451,Ergonomic Wooden Car,38417561,Bennett Towne DDS,Gleichner and Sons
10.1234/altmetric451,Rustic Concrete Shoes,4361-7445,Bennett Towne DDS,Zieme-Dach
10.1234/altmetric452,Ergonomic Steel Shirt,7463-5039,Raymundo Stamm,McGlynn, Ebert and Franecki
10.1234/altmetric453,Sleek Wooden Hat,8200-3142,Lysanne Swift,Volkman LLC
10.1234/altmetric455,Awesome Cotton Shirt,3887-4607,Pascale Boehm,Moen, Wintheiser and Kuhlman
10.1234/altmetric456,Sleek Rubber Shirt,0088-5212,Ms. Vida Balistreri,Thiel, Grant and Wunsch
10.1234/altmetric458,Fantastic Plastic Hat,8465-6865,Monserrat Heaney IV,Spencer-Altenwerth
10.1234/altmetric461,Awesome Cotton Shoes,7910-7871,Rigoberto Hickle,Wiza, Kirlin and Hoppe
10.1234/altmetric461,Intelligent Plastic Hat,1240-1326,Rigoberto Hickle,Fay Inc
10.1234/altmetric461,Intelligent Steel Car,3423-0440,Rigoberto Hickle,Emard Group
10.1234/altmetric466,Intelligent Granite Shirt,3474-9268,Jacinthe Johnston,Walter, Cummings and Ruecker
10.1234/altmetric467,Gorgeous Plastic Car,1831-5643,Yoshiko Brakus,Reichel-Pollich
10.1234/altmetric467,Incredible Granite Table,47546018,Yoshiko Brakus,Littel-Konopelski
10.1234/altmetric467,Incredible Rubber Pants,8611-3315,Yoshiko Brakus,Glover, Turcotte and Rowe
10.1234/altmetric468,Intelligent Wooden Chair,7499-5579,Dr. Dasia Corkery,Pagac, Corwin and Hartmann
10.1234/altmetric470,Intelligent Plastic Car,21814322,Zena Kilback,Boyer-Jacobi
10.1234/altmetric470,Rustic Concrete Computer,1238-8632,Zena Kilback,Grant LLC
10.1234/altmetric474,Incredible Concrete Shirt,1610-5714,Maxime Mills,Raynor, Ratke and Haag
10.1234/altmetric481,Awesome Wooden Computer,3373-8427,Colleen Okuneva IV,Rodriguez Group
10.1234/altmetric482,Practical Plastic Shoes,5711-3394,Kathryn Smith II,Cronin and Sons
10.1234/altmetric484,Rustic Wooden Computer,3419-6511,Terrell Ritchie,Haag, Botsford and Cummerata
10.1234/altmetric485,Intelligent Cotton Shirt,3413-2625,Sammy Trantow,Barrows Group
10.1234/altmetric487,Ergonomic Wooden Shoes,0428-1971,Oswald Kuvalis,Senger, Rath and Hermann
10.1234/altmetric489,Fantastic Concrete Pants,4372-2804,Pascale Boehm,Schowalter Inc
10.1234/altmetric489,Gorgeous Concrete Table,7926-5617,Pascale Boehm,Fay Inc
10.1234/altmetric491,Incredible Wooden Hat,8378-6466,Miss Savannah Heathcote,Maggio, Cremin and Hills
10.1234/altmetric492,Awesome Wooden Car,6024-7912,Randal Koelpin,Hilll, Maggio and Farrell
10.1234/altmetric493,Incredible Plastic Chair,2247-2396,Howell Ratke,Homenick-Buckridge
10.1234/altmetric498,Rustic Granite Car,43646227,Dr. Kasandra Jenkins,Turcotte-Willms
10.1234/altmetric499,Fantastic Concrete Car,6882-3891,Brennon Morissette,Mayer, Hahn and Gibson
10.1234/altmetric50,Small Steel Pants,5827-3187,Greg Kessler V,Considine, Tillman and Botsford
10.1234/altmetric500,Awesome Granite Gloves,9670-3728,Howell Ratke,Moore Group
10.1234/altmetric501,Awesome Plastic Table,7535-6816,Hermina Stiedemann,Block LLC
10.1234/altmetric503,Incredible Cotton Computer,1260-6474,Seth Howell,Jacobs and Sons
10.1234/altmetric504,Gorgeous Plastic Chair,5560-6236,Emmitt Mueller,Ratke, Frami and Mertz
10.1234/altmetric505,Practical Plastic Chair,4549-6665,Greg Kessler V,Terry-Roob
10.1234/altmetric508,Ergonomic Plastic Shirt,8743-5081,Brando Labadie,Zboncak Group
10.1234/altmetric510,Gorgeous Cotton Pants,4141-4049,Ena Okuneva,Macejkovic-Reynolds
10.1234/altmetric511,Small Plastic Hat,7687-8576,Presley Fahey,Wisoky, Kirlin and Kuphal
10.1234/altmetric514,Intelligent Wooden Car,1285-6632,Jacinthe Johnston,Smith, Cartwright and Marvin
10.1234/altmetric516,Incredible Cotton Computer,3022-9225,Emmitt Mueller,Bechtelar, Gerlach and Graham
10.1234/altmetric516,Practical Steel Gloves,5055-1763,Emmitt Mueller,Labadie-Monahan
10.1234/altmetric518,Sleek Plastic Shirt,8792-4401,Adolphus Morar,Kuphal, Tremblay and Bauch
10.1234/altmetric520,Ergonomic Rubber Computer,1761-0438,Mrs. Floy Dicki,Runolfsson and Sons
10.1234/altmetric521,Rustic Cotton Chair,8662-6327,Rigoberto Hickle,Graham Inc
10.1234/altmetric522,Small Plastic Car,4812-3148,Otilia Swift,Marvin LLC
10.1234/altmetric523,Gorgeous Granite Shoes,86626327,Dr. Kasandra Jenkins,Graham Inc
10.1234/altmetric523,Gorgeous Granite Table,5854-6564,Dr. Kasandra Jenkins,Kub, Donnelly and Schaden
10.1234/altmetric524,Small Granite Gloves,5444-9542,Rebeka Koss,Jaskolski, Cronin and Mayert
10.1234/altmetric525,Fantastic Rubber Shirt,7469-8584,Adolphus Morar,Torp, Fisher and Kovacek
10.1234/altmetric525,Sleek Plastic Gloves,2565-9228,Adolphus Morar,Gulgowski Inc
10.1234/altmetric526,Gorgeous Wooden Car,4470-3510,Ozella Lakin,Conn-Zboncak
10.1234/altmetric526,Practical Plastic Gloves,6245-6396,Ozella Lakin,Fadel-Dickens
10.1234/altmetric529,Gorgeous Rubber Shoes,0791-8389,Brendon Balistreri Sr.,Cummings, Connelly and Schulist
10.1234/altmetric531,Small Rubber Table,5617-4148,Nora Johnston,Sanford-Pacocha
10.1234/altmetric533,Ergonomic Steel Car,5548-6429,Erich Borer Sr.,Sanford, Hansen and Bednar
10.1234/altmetric534,Small Wooden Computer,6754-6563,Mr. Georgette Gleason,Durgan-Ryan
10.1234/altmetric535,Rustic Cotton Pants,9690-7628,Miss Clifton Langosh,Pacocha Group
10.1234/altmetric54,Practical Steel Chair,4342-2271,Miss Clifton Langosh,Miller and Sons
10.1234/altmetric541,Sleek Plastic Hat,5125-9885,Mrs. Edmond Christiansen,Gorczany, Leffler and Beatty
10.1234/altmetric543,Incredible Rubber Chair,3364-8578,Kathryn Smith II,O'Connell, Witting and Schinner
10.1234/altmetric544,Fantastic Steel Pants,4554-4925,Seth Howell,Gottlieb, Doyle and Haley
10.1234/altmetric544,Rustic Plastic Pants,6806-5882,Seth Howell,Predovic-Larkin
10.1234/altmetric545,Rustic Wooden Chair,2932-3456,Meta Borer,Renner, Hyatt and Emard
10.1234/altmetric547,Intelligent Rubber Pants,5536-2573,Richie Cassin Sr.,Dooley-Leannon
10.1234/altmetric547,Sleek Granite Shoes,9808-0652,Richie Cassin Sr.,Grimes-Leffler
10.1234/altmetric550,Intelligent Granite Car,8707-7933,Lysanne Swift,Morissette, Abernathy and Barton
10.1234/altmetric553,Ergonomic Cotton Hat,1753-3345,Pascale Boehm,Auer, Walsh and Reichert
10.1234/altmetric555,Incredible Rubber Hat,3384-1343,Nora Johnston,Murphy, Aufderhar and Kuhn
10.1234/altmetric557,Awesome Cotton Computer,8792-4401,Vicente Baumbach,Kuphal, Tremblay and Bauch
10.1234/altmetric557,Sleek Concrete Shoes,03212877,Vicente Baumbach,Carroll-Russel
10.1234/altmetric558,Ergonomic Wooden Hat,6625-6746,Monserrat Heaney IV,Breitenberg, Dietrich and Corkery
10.1234/altmetric561,Ergonomic Granite Pants,1368-9499,Kaley Muller,Denesik-Corkery
10.1234/altmetric563,Rustic Concrete Computer,7388-8824,Oswald Kuvalis,Kiehn Inc
10.1234/altmetric568,Incredible Steel Chair,87259162,Akeem Toy,Powlowski, Dooley and Emard
10.1234/altmetric57,Awesome Rubber Shirt,6705-1027,Greg Kessler V,Ward-Johnson
10.1234/altmetric570,Awesome Granite Shoes,9194-0221,Sidney Muller IV,Cummings LLC
10.1234/altmetric570,Ergonomic Concrete Shirt,8315-7589,Sidney Muller IV,Murphy, Bins and Hickle
10.1234/altmetric571,Ergonomic Granite Computer,4814-1731,Ms. Emilio Grady,Tillman-Bergstrom
10.1234/altmetric571,Rustic Steel Gloves,7107-2132,Ms. Emilio Grady,Connelly-Heathcote
10.1234/altmetric572,Practical Plastic Shoes,3248-7742,Orpha Cremin,Bode and Sons
10.1234/altmetric572,Rustic Rubber Gloves,0495-4738,Orpha Cremin,Kassulke Inc
10.1234/altmetric573,Gorgeous Wooden Chair,1697-5647,Katelin Wiegand,Trantow Group
10.1234/altmetric574,Rustic Rubber Hat,44703510,Bennett Towne DDS,Conn-Zboncak
10.1234/altmetric577,Rustic Plastic Table,4843-8552,Ms. Emilio Grady,Schoen-Huels
10.1234/altmetric578,Rustic Cotton Hat,0529-5816,Miss Richie Rolfson,Kihn Inc
10.1234/altmetric579,Gorgeous Wooden Table,8351-3303,Davin Effertz,Harvey-Bauch
10.1234/altmetric581,Awesome Concrete Gloves,17035106,Vicente Baumbach,Lebsack Inc
10.1234/altmetric582,Rustic Wooden Car,07824538,Layla Larson,Toy Inc
10.1234/altmetric583,Awesome Cotton Chair,8232-7575,Mr. Georgette DuBuque,Hudson-Muller
10.1234/altmetric585,Ergonomic Cotton Chair,8757-5584,Darion Wilderman Jr.,Kris-Kovacek
10.1234/altmetric585,Fantastic Rubber Computer,3354-9101,Darion Wilderman Jr.,Greenholt Group
10.1234/altmetric585,Gorgeous Cotton Chair,8924-6552,Darion Wilderman Jr.,Marquardt-West
10.1234/altmetric59,Sleek Granite Shirt,1147-5723,Gilbert Hettinger,Bogisich-Jenkins
10.1234/altmetric59,Small Cotton Hat,7186-1356,Gilbert Hettinger,Frami and Sons
10.1234/altmetric591,Awesome Cotton Car,7242-9492,Priscilla Koch,Graham-Ullrich
10.1234/altmetric591,Gorgeous Wooden Table,5915-4813,Priscilla Koch,Koch Inc
10.1234/altmetric591,Rustic Wooden Hat,6324-1490,Priscilla Koch,Lowe Group
10.1234/altmetric595,Rustic Steel Table,8279-4245,Mrs. Floy Dicki,Maggio, Nicolas and Hessel
10.1234/altmetric596,Ergonomic Steel Car,2425-3625,Ms. Vida Balistreri,Hane-Heller
10.1234/altmetric597,Rustic Granite Shirt,3151-1811,Sammy Trantow,Rempel Group
10.1234/altmetric600,Ergonomic Granite Table,7625-3711,Mrs. Floy Dicki,Hansen-Kub
10.1234/altmetric600,Intelligent Granite Pants,3246-6647,Mrs. Floy Dicki,Schowalter Inc
10.1234/altmetric601,Intelligent Concrete Pants,2246-3375,Brando Lakin V,Borer, Simonis and O'Keefe
10.1234/altmetric602,Awesome Cotton Shoes,47430693,Aracely Schneider,Herzog, McLaughlin and O'Conner
10.1234/altmetric602,Gorgeous Steel Shirt,1441-0398,Aracely Schneider,Larkin, Considine and Hudson
10.1234/altmetric603,Sleek Plastic Pants,4757-8261,Lenny Kshlerin,Brakus-Lebsack
10.1234/altmetric604,Incredible Wooden Chair,4361-4534,Sammy Trantow,Champlin, Jacobson and Stehr
10.1234/altmetric61,Gorgeous Plastic Chair,7152-1502,Emmitt Mueller,Goodwin, Price and Connelly
10.1234/altmetric61,Intelligent Plastic Hat,5633-4102,Emmitt Mueller,Hoppe, McGlynn and McLaughlin
10.1234/altmetric611,Incredible Granite Car,8729-6649,Mrs. Floy Dicki,Thompson, Stehr and Hane
10.1234/altmetric613,Incredible Cotton Shirt,31549128,Annamarie Nader,Heidenreich, Ullrich and Rolfson
10.1234/altmetric613,Practical Concrete Chair,9115-4570,Annamarie Nader,Franecki LLC
10.1234/altmetric617,Ergonomic Granite Shirt,4877-4668,Brando Lakin V,Von-Vandervort
10.1234/altmetric62,Gorgeous Wooden Hat,5617-4148,Maxime Mills,Sanford-Pacocha
10.1234/altmetric621,Sleek Plastic Chair,0791-8389,Ms. Vida Balistreri,Cummings, Connelly and Schulist
10.1234/altmetric622,Sleek Cotton Computer,2270-8081,Perry Ondricka,Kilback, Rice and McLaughlin
10.1234/altmetric622,Sleek Plastic Shirt,6314-0626,Perry Ondricka,Schoen Group
10.1234/altmetric623,Intelligent Concrete Car,1831-5643,Darion Wilderman Jr.,Reichel-Pollich
10.1234/altmetric626,Awesome Cotton Chair,4871-1850,Pascale Boehm,Boyer-Hayes
10.1234/altmetric626,Incredible Granite Shirt,6301-3825,Pascale Boehm,Schaden and Sons
10.1234/altmetric626,Practical Cotton Pants,0711-5119,Pascale Boehm,Wisoky-Gulgowski
10.1234/altmetric627,Rustic Granite Car,5929-4022,Ms. Ella Lynch,Hoeger-Gulgowski
10.1234/altmetric63,Awesome Plastic Table,5455-8165,Pascale Boehm,Lakin, Barton and Corwin
10.1234/altmetric630,Fantastic Wooden Hat,6342-5172,Emmitt Mueller,Boyle-Stehr
10.1234/altmetric630,Gorgeous Steel Shoes,5366-9821,Emmitt Mueller,Moen-Predovic
10.1234/altmetric631,Practical Rubber Shirt,2822-9396,Frederic Sanford,Bartoletti-Lebsack
10.1234/altmetric634,Practical Rubber Table,8274-5775,Kathryn Smith II,Stroman, O'Connell and Satterfield
10.1234/altmetric636,Fantastic Concrete Gloves,16225733,Ms. Emilio Grady,Senger LLC
10.1234/altmetric636,Incredible Steel Computer,6013-5457,Ms. Emilio Grady,Little, Dooley and Bauch
10.1234/altmetric636,Practical Plastic Chair,1368-9499,Ms. Emilio Grady,Denesik-Corkery
10.1234/altmetric636,Rustic Wooden Gloves,9446-2746,Ms. Emilio Grady,Okuneva, Hintz and Stark
10.1234/altmetric637,Intelligent Steel Shoes,4673-5784,Howard Spinka Jr.,Huels Group
10.1234/altmetric639,Intelligent Steel Computer,4133-5336,Ozella Lakin,Schiller, Simonis and Hilpert
10.1234/altmetric642,Awesome Granite Hat,7515-3732,Brendon Balistreri Sr.,Kshlerin-Ankunding
10.1234/altmetric645,Practical Rubber Gloves,7697-6672,Dr. Dasia Corkery,DuBuque Inc
10.1234/altmetric65,Small Granite Pants,4732-1082,Miss Martina Ward,Sanford, Abernathy and Lowe
10.1234/altmetric650,Practical Cotton Pants,7631-7807,Presley Fahey,Funk-Schuppe
10.1234/altmetric651,Fantastic Plastic Shirt,2920-2728,Meta Borer,Schaefer, Hegmann and Tromp
10.1234/altmetric652,Rustic Steel Car,8279-4245,Amari Lubowitz,Maggio, Nicolas and Hessel
10.1234/altmetric654,Ergonomic Steel Table,7136-5517,Seth Howell,Mayer-Reichel
10.1234/altmetric656,Practical Concrete Shoes,4778-8294,Estella Predovic,Romaguera Inc
10.1234/altmetric657,Awesome Plastic Car,4113-7822,Miss Savannah Heathcote,Lowe Inc
10.1234/altmetric658,Ergonomic Wooden Computer,0809-3257,Davin Effertz,Batz, Smith and Williamson
10.1234/altmetric658,Sleek Concrete Shirt,8337-9477,Davin Effertz,Zieme and Sons
10.1234/altmetric66,Fantastic Plastic Pants,4072-1425,Erich Borer Sr.,Corkery-Feil
10.1234/altmetric661,Fantastic Rubber Chair,3324-7837,Hermina Stiedemann,Miller Group
10.1234/altmetric661,Incredible Rubber Shirt,5957-2817,Hermina Stiedemann,Ortiz LLC
10.1234/altmetric661,Incredible Steel Chair,5042-6766,Hermina Stiedemann,Bergstrom, Christiansen and D'Amore
10.1234/altmetric661,Small Plastic Pants,4939-6274,Hermina Stiedemann,Kovacek Inc
10.1234/altmetric666,Fantastic Steel Shirt,6704-0825,Adolphus Morar,Nolan and Sons
10.1234/altmetric669,Awesome Granite Table,0814-3861,Rebeka Koss,Leuschke, Jones and Runolfsson
10.1234/altmetric677,Gorgeous Cotton Table,5821-4745,Ms. Ella Lynch,Bailey-Huels
10.1234/altmetric677,Small Concrete Car,1712-8169,Ms. Ella Lynch,Kuhlman, Aufderhar and Auer
10.1234/altmetric68,Awesome Steel Hat,5248-3976,Ms. Emilio Grady,Padberg, Hettinger and Greenholt
10.1234/altmetric681,Incredible Plastic Hat,4866-8484,Lenny Kshlerin,Carter-Durgan
10.1234/altmetric684,Ergonomic Cotton Car,6974-5422,Meaghan Steuber Sr.,Graham-Swaniawski
10.1234/altmetric684,Gorgeous Rubber Shoes,2886-2562,Meaghan Steuber Sr.,Thompson, Breitenberg and Braun
10.1234/altmetric684,Incredible Rubber Computer,2704-1028,Meaghan Steuber Sr.,Quitzon-Boehm
10.1234/altmetric685,Small Wooden Pants,5693-5386,Perry Ondricka,Kihn, Gutmann and Corwin
10.1234/altmetric689,Awesome Granite Car,24452848,Bennett Towne DDS,Zboncak-Hermiston
10.1234/altmetric690,Practical Cotton Hat,8757-5584,Dr. Dasia Corkery,Kris-Kovacek
10.1234/altmetric692,Gorgeous Rubber Table,7013-1708,Katelin Wiegand,Haley Inc
10.1234/altmetric696,Awesome Plastic Chair,2588-2068,Marcelino Schuster,Donnelly-Jacobs
10.1234/altmetric696,Rustic Rubber Car,0222-9942,Marcelino Schuster,Hodkiewicz-Carroll
10.1234/altmetric70,Small Granite Shoes,9858-3024,Brando Lakin V,Weber-Maggio
10.1234/altmetric701,Awesome Concrete Chair,7745-0694,Howard Spinka Jr.,Tremblay-Stoltenberg
10.1234/altmetric703,Ergonomic Steel Shirt,1827-8841,Bernita Von Jr.,Cummerata Group
10.1234/altmetric705,Small Concrete Chair,4746-8743,Richie Cassin Sr.,Harvey Group
10.1234/altmetric705,Small Wooden Computer,2129-2328,Richie Cassin Sr.,Doyle-Zieme
10.1234/altmetric713,Rustic Granite Pants,4469-7507,Melissa Heaney,Schamberger LLC
10.1234/altmetric719,Rustic Rubber Car,7314-8068,Kathryn Smith II,Waelchi Inc
10.1234/altmetric720,Incredible Granite Chair,9670-3728,Meta Borer,Moore Group
10.1234/altmetric722,Practical Steel Hat,3112-7657,Presley Fahey,Jacobs, Jenkins and Schinner
10.1234/altmetric724,Gorgeous Cotton Car,8229-6263,Howell Ratke,Pacocha-Lowe
10.1234/altmetric725,Intelligent Concrete Hat,9241-3535,Sidney Muller IV,Lockman, Wolf and Anderson
10.1234/altmetric726,Intelligent Rubber Chair,0768-9664,Richie Cassin Sr.,Quigley, Halvorson and Wiza
10.1234/altmetric726,Rustic Concrete Hat,7651-7893,Richie Cassin Sr.,Hyatt-Goodwin
10.1234/altmetric727,Awesome Wooden Computer,2855-1607,Dr. Dasia Corkery,O'Reilly-Robel
10.1234/altmetric734,Intelligent Rubber Computer,2771-4463,Sammy Trantow,Hand Inc
10.1234/altmetric736,Gorgeous Rubber Gloves,52450933,Annamarie Nader,Hickle-Jaskolski
10.1234/altmetric74,Fantastic Concrete Shirt,9032-5784,Nora Johnston,Mraz Inc
10.1234/altmetric740,Awesome Granite Pants,0258-2413,Presley Fahey,Schuster-Swaniawski
10.1234/altmetric744,Ergonomic Concrete Chair,2445-2848,Miss Clifton Langosh,Zboncak-Hermiston
10.1234/altmetric747,Ergonomic Steel Car,5026-2897,Dr. Chandler Flatley,Hamill, Grant and Dietrich
10.1234/altmetric747,Intelligent Wooden Shoes,7582-9940,Dr. Chandler Flatley,Cronin, Hartmann and Swaniawski
10.1234/altmetric748,Practical Plastic Computer,9131-7654,Mrs. Sterling Eichmann,Lubowitz LLC
10.1234/altmetric748,Small Rubber Hat,3173-3488,Mrs. Sterling Eichmann,Gerhold, Heathcote and Kovacek
10.1234/altmetric75,Awesome Concrete Car,1238-8632,Sage Waters I,Grant LLC
10.1234/altmetric753,Intelligent Cotton Shirt,0176-3381,Marcelino Schuster,Kihn-Stamm
10.1234/altmetric754,Rustic Rubber Shirt,6745-4553,Katelin Wiegand,Robel-Runolfsson
10.1234/altmetric757,Intelligent Wooden Car,8251-3489,Marcelino Schuster,Medhurst, Larkin and Hackett
10.1234/altmetric757,Rustic Rubber Gloves,1085-4412,Marcelino Schuster,Donnelly Inc
10.1234/altmetric758,Intelligent Cotton Car,28384244,Miss Kirsten Stiedemann,Rutherford-Hand
10.1234/altmetric758,Small Cotton Table,9729-0556,Miss Kirsten Stiedemann,Cremin, Tillman and Hauck
10.1234/altmetric76,Fantastic Steel Computer,8482-7296,Miss Richie Rolfson,Yundt, Kuvalis and Corkery
10.1234/altmetric761,Incredible Concrete Gloves,8851-5159,Priscilla Koch,Carter, Kris and Aufderhar
10.1234/altmetric761,Incredible Rubber Table,6457-7841,Priscilla Koch,Dietrich Group
10.1234/altmetric765,Small Plastic Gloves,0165-5467,Meaghan Steuber Sr.,Effertz-Lang
10.1234/altmetric770,Awesome Cotton Pants,9536-1604,Bernita Von Jr.,Kutch-Romaguera
10.1234/altmetric770,Practical Steel Hat,2870-7357,Bernita Von Jr.,Shanahan, Cormier and Auer
10.1234/altmetric771,Incredible Wooden Shoes,8399-2341,Lucile Stamm V,Bednar-Kunze
10.1234/altmetric772,Ergonomic Plastic Chair,4562-1383,Seth Howell,Rempel Inc
10.1234/altmetric780,Intelligent Granite Pants,3830-2705,Sage Waters I,Miller, Gorczany and Davis
10.1234/altmetric781,Incredible Steel Car,3830-2705,Mrs. Edmond Christiansen,Miller, Gorczany and Davis
10.1234/altmetric785,Rustic Cotton Shoes,8128-3937,Presley Fahey,Ankunding, Johns and Goodwin
10.1234/altmetric786,Ergonomic Cotton Shirt,8685-3579,Ahmad Pouros MD,Cartwright-Cummings
10.1234/altmetric788,Fantastic Concrete Hat,8950-9037,Miss Martina Ward,Hane, Langworth and Reichert
10.1234/altmetric790,Small Concrete Shoes,6668-3047,Estella Predovic,O'Connell-Beatty
10.1234/altmetric794,Practical Granite Pants,7145-0577,Ms. Amos Ortiz,Gorczany-Spinka
10.1234/altmetric795,Intelligent Steel Table,4673-5784,Mr. Isaiah Gibson,Huels Group
10.1234/altmetric805,Incredible Concrete Shirt,8738-0753,Mr. Isaiah Gibson,Hyatt Group
10.1234/altmetric806,Rustic Concrete Computer,7536-7512,Ahmad Pouros MD,Ebert-Mills
10.1234/altmetric807,Gorgeous Rubber Gloves,34377421,Yoshiko Brakus,Gerhold-Bednar
10.1234/altmetric807,Rustic Wooden Car,1066-0564,Yoshiko Brakus,Johns, Maggio and Heathcote
10.1234/altmetric809,Gorgeous Concrete Chair,6535-2431,Mr. Isaiah Gibson,Marks-Cartwright
10.1234/altmetric81,Intelligent Concrete Hat,5676-4509,Bernita Von Jr.,Rodriguez and Sons
10.1234/altmetric812,Practical Rubber Computer,0814-3861,Bernita Von Jr.,Leuschke, Jones and Runolfsson
10.1234/altmetric813,Intelligent Granite Pants,1527-7797,Monserrat Heaney IV,Powlowski Group
10.1234/altmetric814,Gorgeous Steel Car,8611-3315,Samara Reynolds,Glover, Turcotte and Rowe
10.1234/altmetric815,Gorgeous Concrete Gloves,6372-2723,Samara Reynolds,Schaefer-Nikolaus
10.1234/altmetric816,Ergonomic Granite Hat,8172-2536,Miss Martina Ward,Carter-Leannon
10.1234/altmetric816,Gorgeous Plastic Computer,2778-7457,Miss Martina Ward,Windler, Reichert and Prosacco
10.1234/altmetric817,Gorgeous Cotton Hat,4588-6787,Brando Labadie,Gusikowski Inc
10.1234/altmetric820,Fantastic Cotton Chair,31733488,Akeem Toy,Gerhold, Heathcote and Kovacek
10.1234/altmetric820,Fantastic Cotton Hat,15111103,Akeem Toy,King Group
10.1234/altmetric821,Awesome Granite Computer,2813-1816,Emmitt Mueller,Kuhic, Raynor and Schamberger
10.1234/altmetric821,Practical Granite Hat,3307-4855,Emmitt Mueller,Armstrong, Kautzer and Kertzmann
10.1234/altmetric821,Sleek Cotton Shoes,8534-7621,Emmitt Mueller,Goldner, Cassin and Beer
10.1234/altmetric822,Fantastic Granite Computer,0736-8516,Bernita Von Jr.,Bosco and Sons
10.1234/altmetric822,Fantastic Wooden Chair,8666-5162,Bernita Von Jr.,Gislason-Kohler
10.1234/altmetric823,Awesome Cotton Shirt,2366-1863,Miss Richie Rolfson,Stiedemann LLC
10.1234/altmetric824,Fantastic Steel Shoes,7388-8824,Howell Ratke,Kiehn Inc
10.1234/altmetric825,Ergonomic Wooden Gloves,8399-2341,Jeramy Conroy,Bednar-Kunze
10.1234/altmetric825,Incredible Steel Pants,8879-3737,Jeramy Conroy,Hermiston-Renner
10.1234/altmetric825,Rustic Rubber Shirt,5125-9885,Jeramy Conroy,Gorczany, Leffler and Beatty
10.1234/altmetric827,Practical Wooden Table,5289-3298,Mrs. Floy Dicki,Williamson and Sons
10.1234/altmetric827,Rustic Steel Chair,7231-5181,Mrs. Floy Dicki,Kihn, Casper and VonRueden
10.1234/altmetric829,Small Wooden Car,91940221,Annamarie Nader,Cummings LLC
10.1234/altmetric83,Incredible Concrete Shirt,1753-3345,Estella Predovic,Auer, Walsh and Reichert
10.1234/altmetric83,Practical Concrete Car,4131-3754,Estella Predovic,Carter and Sons
10.1234/altmetric831,Intelligent Cotton Gloves,32648846,Annamarie Nader,Kunde-Robel
10.1234/altmetric832,Practical Concrete Shoes,1860-2552,Greg Kessler V,Lebsack, White and Aufderhar
10.1234/altmetric833,Small Concrete Shirt,7117-3884,Brando Labadie,Breitenberg, Conn and Wintheiser
10.1234/altmetric835,Fantastic Cotton Car,3087-2113,Kathryn Smith II,Gorczany-Predovic
10.1234/altmetric835,Small Cotton Pants,3324-7837,Kathryn Smith II,Miller Group
10.1234/altmetric836,Gorgeous Steel Shoes,6463-1886,Uriel Hamill,Haley Group
10.1234/altmetric836,Sleek Plastic Car,5455-8165,Uriel Hamill,Lakin, Barton and Corwin
10.1234/altmetric837,Gorgeous Steel Chair,5121-7813,Seth Howell,Kohler, Bayer and Stoltenberg
10.1234/altmetric843,Incredible Rubber Car,8482-7296,Mrs. Guillermo Rutherford,Yundt, Kuvalis and Corkery
10.1234/altmetric844,Fantastic Granite Computer,3419-6511,Brendon Balistreri Sr.,Haag, Botsford and Cummerata
10.1234/altmetric846,Fantastic Plastic Hat,61878741,Akeem Toy,Corkery, Denesik and Beahan
10.1234/altmetric847,Awesome Steel Shirt,6264-3507,Ms. Amos Ortiz,McLaughlin-Franecki
10.1234/altmetric849,Sleek Rubber Car,3155-4114,Ena Okuneva,Larkin, Kovacek and Leannon
10.1234/altmetric85,Gorgeous Concrete Chair,6418-1601,Meta Borer,Luettgen, Reynolds and Ebert
10.1234/altmetric85,Small Plastic Hat,1260-6474,Meta Borer,Jacobs and Sons
10.1234/altmetric852,Incredible Rubber Car,48356816,Zena Kilback,Goldner-Homenick
10.1234/altmetric853,Sleek Concrete Shirt,8871-5976,Lenny Kshlerin,Wiegand, Kirlin and Ebert
10.1234/altmetric854,Practical Rubber Car,2771-4463,Terrell Ritchie,Hand Inc
10.1234/altmetric854,Rustic Granite Car,6532-9831,Terrell Ritchie,Towne-Medhurst
10.1234/altmetric855,Gorgeous Rubber Shoes,5688-6579,Adolphus Morar,Heaney, Swift and Murphy
10.1234/altmetric856,Gorgeous Cotton Computer,7042-3611,Demario Heathcote DVM,Marquardt Inc
10.1234/altmetric857,Small Rubber Car,1111-1545,Meta Borer,Hickle-Kassulke
10.1234/altmetric860,Small Steel Table,8708-9669,Howard Spinka Jr.,Gusikowski, Buckridge and Prosacco
10.1234/altmetric865,Intelligent Concrete Gloves,6080-6624,Mr. Isaiah Gibson,Tromp-Predovic
10.1234/altmetric867,Intelligent Rubber Car,6314-0626,Miss Martina Ward,Schoen Group
10.1234/altmetric868,Fantastic Wooden Gloves,8708-9669,Maxime Mills,Gusikowski, Buckridge and Prosacco
10.1234/altmetric868,Practical Concrete Computer,4389-0212,Maxime Mills,Feeney, Stamm and Shanahan
10.1234/altmetric868,Rustic Cotton Chair,4812-3148,Maxime Mills,Marvin LLC
10.1234/altmetric870,Gorgeous Wooden Pants,6454-1054,Sage Waters I,Bednar-Rogahn
10.1234/altmetric870,Practical Cotton Car,2454-1401,Sage Waters I,Mueller Group
10.1234/altmetric870,Small Rubber Table,6650-5373,Sage Waters I,Braun and Sons
10.1234/altmetric871,Incredible Wooden Chair,4336-8427,Darion Wilderman Jr.,Becker and Sons
10.1234/altmetric871,Practical Granite Table,6337-6036,Darion Wilderman Jr.,Bednar, Tromp and Rempel
10.1234/altmetric872,Ergonomic Cotton Gloves,65327743,Dr. Kasandra Jenkins,Fay-Hilpert
10.1234/altmetric873,Ergonomic Rubber Shoes,7271-7294,Meaghan Steuber Sr.,Hane-Emmerich
10.1234/altmetric873,Sleek Wooden Car,4068-2837,Meaghan Steuber Sr.,Pacocha, Reichert and Wuckert
10.1234/altmetric874,Intelligent Rubber Computer,2207-9031,Dr. Chandler Flatley,Konopelski-Hane
10.1234/altmetric875,Awesome Concrete Shirt,5875-1506,Lysanne Swift,Waters-Reichel
10.1234/altmetric875,Awesome Granite Computer,5026-2569,Lysanne Swift,Wolff, Corwin and Lemke
10.1234/altmetric876,Incredible Cotton Shoes,7198-0726,Estella Predovic,Harvey LLC
10.1234/altmetric877,Practical Wooden Computer,8149-2718,Freeman Gottlieb PhD,Schaefer-Sanford
10.1234/altmetric877,Rustic Plastic Gloves,3355-0845,Freeman Gottlieb PhD,Gottlieb and Sons
10.1234/altmetric878,Practical Cotton Computer,2539-4366,Colleen Okuneva IV,Bailey Group
10.1234/altmetric879,Small Concrete Pants,32851949,Vicente Baumbach,Bruen and Sons
10.1234/altmetric88,Gorgeous Concrete Car,7055-7316,Mrs. Sterling Eichmann,Fahey Group
10.1234/altmetric880,Gorgeous Steel Computer,7307-5828,Nyasia Rodriguez,Cronin-Ruecker
10.1234/altmetric881,Sleek Steel Pants,3785-1646,Bernita Von Jr.,Bode, Stiedemann and Renner
10.1234/altmetric882,Ergonomic Concrete Shirt,8545-3348,Ms. Emilio Grady,Adams-Balistreri
10.1234/altmetric882,Intelligent Plastic Gloves,8885-9341,Ms. Emilio Grady,Purdy-Batz
10.1234/altmetric883,Small Concrete Chair,8541-5457,Miss Richie Rolfson,Davis, Witting and Spencer
10.1234/altmetric884,Incredible Steel Gloves,2565-9228,Colleen Okuneva IV,Gulgowski Inc
10.1234/altmetric885,Intelligent Plastic Pants,9241-3535,Lysanne Swift,Lockman, Wolf and Anderson
10.1234/altmetric887,Gorgeous Wooden Hat,3132-7124,Dr. Chandler Flatley,Cruickshank, McKenzie and Weimann
10.1234/altmetric890,Ergonomic Concrete Shoes,5818-3335,Sidney Muller IV,Lueilwitz, Durgan and Dickinson
10.1234/altmetric893,Fantastic Granite Shirt,2539-4366,Sammy Trantow,Bailey Group
10.1234/altmetric895,Rustic Rubber Computer,4680-1316,Hermina Stiedemann,Conn Group
10.1234/altmetric897,Fantastic Concrete Hat,3319-8105,Gilbert Hettinger,Corwin LLC
10.1234/altmetric898,Intelligent Granite Pants,8713-8741,Colleen Okuneva IV,Ledner Group
10.1234/altmetric90,Awesome Wooden Table,5307-9619,Bernita Von Jr.,Johns LLC
10.1234/altmetric90,Incredible Granite Pants,0647-4622,Bernita Von Jr.,Jacobs Inc
10.1234/altmetric900,Awesome Cotton Car,7535-6816,Randal Koelpin,Block LLC
10.1234/altmetric902,Gorgeous Steel Car,7454-8126,Brando Lakin V,Wolff, Douglas and Kub
10.1234/altmetric903,Incredible Granite Table,1085-4412,Katelin Wiegand,Donnelly Inc
10.1234/altmetric903,Rustic Concrete Pants,1296-8514,Katelin Wiegand,Hessel Group
10.1234/altmetric906,Awesome Granite Table,0515-3818,Uriel Hamill,Bogisich, Maggio and Jones
10.1234/altmetric906,Intelligent Granite Pants,8566-1261,Uriel Hamill,Padberg-Schulist
10.1234/altmetric908,Sleek Steel Pants,5455-8165,Brando Lakin V,Lakin, Barton and Corwin
10.1234/altmetric909,Fantastic Rubber Hat,8137-8341,Emmitt Mueller,Lindgren-Haley
10.1234/altmetric91,Intelligent Cotton Chair,1817-4888,Pascale Boehm,Rempel Inc
10.1234/altmetric914,Awesome Concrete Hat,5726-0888,Miss Richie Rolfson,Schuppe and Sons
10.1234/altmetric915,Incredible Granite Computer,6540-4531,Sage Waters I,Bahringer, Johnston and Daugherty
10.1234/altmetric915,Small Rubber Shirt,7152-1502,Sage Waters I,Goodwin, Price and Connelly
10.1234/altmetric916,Awesome Concrete Pants,3355-0845,Estella Predovic,Gottlieb and Sons
10.1234/altmetric917,Gorgeous Steel Hat,6253-5863,Pascale Boehm,Heathcote Inc
10.1234/altmetric925,Small Granite Chair,1703-5106,Gilda Mraz,Lebsack Inc
10.1234/altmetric926,Gorgeous Cotton Table,1511-1103,Meta Borer,King Group
10.1234/altmetric93,Rustic Wooden Chair,20832487,Akeem Toy,Sanford Inc
10.1234/altmetric931,Awesome Cotton Pants,3413-2625,Mrs. Sterling Eichmann,Barrows Group
10.1234/altmetric935,Gorgeous Wooden Car,0421-6696,Dr. Dasia Corkery,Johnson, Cassin and Little
10.1234/altmetric938,Awesome Concrete Table,7818-6587,Bennett Towne DDS,O'Connell and Sons
10.1234/altmetric938,Fantastic Wooden Pants,66358622,Bennett Towne DDS,Ebert and Sons
10.1234/altmetric938,Sleek Rubber Shoes,0165-3926,Bennett Towne DDS,Breitenberg, Rice and Kiehn
10.1234/altmetric939,Practical Cotton Shirt,7826-6161,Nathan McDermott,Pfeffer, Mayer and Gorczany
10.1234/altmetric941,Incredible Cotton Chair,8423-2585,Hermina Stiedemann,Yundt Inc
10.1234/altmetric942,Practical Plastic Computer,2974-8513,Dr. Chandler Flatley,Bednar Group
10.1234/altmetric942,Rustic Granite Table,6474-7834,Dr. Chandler Flatley,Thiel Group
10.1234/altmetric943,Sleek Granite Chair,3842-8885,Dr. Camryn Johnson,Predovic-Swaniawski
10.1234/altmetric945,Rustic Plastic Pants,7186-1356,Rebeka Koss,Frami and Sons
10.1234/altmetric946,Small Plastic Gloves,1058-8546,Miss Savannah Heathcote,Jerde, Rath and Lehner
10.1234/altmetric947,Awesome Plastic Shoes,1285-6632,Kaley Muller,Smith, Cartwright and Marvin
10.1234/altmetric947,Intelligent Concrete Car,7894-1777,Kaley Muller,Satterfield LLC
10.1234/altmetric949,Gorgeous Rubber Shirt,1289-6437,Howard Spinka Jr.,Hettinger, Roob and Johnson
10.1234/altmetric950,Sleek Plastic Shirt,7198-0726,Nathan McDermott,Harvey LLC
10.1234/altmetric952,Intelligent Concrete Computer,9557-9477,Katelin Wiegand,Weissnat Inc
10.1234/altmetric954,Gorgeous Steel Hat,17772954,Dr. Kasandra Jenkins,Huels and Sons
10.1234/altmetric955,Awesome Rubber Computer,5446-1062,Demetris Schultz,Zulauf, McKenzie and MacGyver
10.1234/altmetric955,Sleek Cotton Hat,6647-3645,Demetris Schultz,Ebert, Davis and Runolfsdottir
10.1234/altmetric956,Rustic Plastic Car,5818-3335,Perry Ondricka,Lueilwitz, Durgan and Dickinson
10.1234/altmetric96,Gorgeous Granite Gloves,3629-6665,Velma Rowe,Homenick, Koepp and Bauch
10.1234/altmetric962,Intelligent Wooden Shoes,35163718,Bennett Towne DDS,Sawayn-Stoltenberg
10.1234/altmetric964,Rustic Rubber Shirt,3381-2751,Frederic Sanford,Will Inc
10.1234/altmetric967,Incredible Rubber Shirt,7263-4747,Hermina Stiedemann,Rosenbaum-Auer
10.1234/altmetric97,Sleek Plastic Chair,9557-9477,Brendon Balistreri Sr.,Weissnat Inc
10.1234/altmetric970,Small Rubber Shirt,4662-7769,Darion Wilderman Jr.,Gutkowski Group
10.1234/altmetric971,Intelligent Steel Chair,63033283,Vicente Baumbach,Kulas-Gaylord
10.1234/altmetric977,Small Granite Shoes,5561-1380,Ahmad Pouros MD,Aufderhar-Hintz
10.1234/altmetric979,Fantastic Wooden Gloves,3466-9141,Mr. Georgette DuBuque,Volkman Inc
10.1234/altmetric98,Ergonomic Steel Pants,4361-7445,Ms. Ella Lynch,Zieme-Dach
10.1234/altmetric98,Incredible Cotton Car,5105-5241,Ms. Ella Lynch,Hamill, O'Keefe and Klein
10.1234/altmetric980,Practical Cotton Pants,8337-9477,Estella Predovic,Zieme and Sons
10.1234/altmetric982,Ergonomic Steel Computer,7234-3825,Dr. Dasia Corkery,Schinner, Hackett and Schimmel
10.1234/altmetric984,Ergonomic Wooden Chair,63888634,Bennett Towne DDS,Olson Group
10.1234/altmetric986,Intelligent Wooden Computer,8111-4558,Gilda Mraz,Runolfsdottir Inc
10.1234/altmetric987,Awesome Cotton Pants,1710-2171,Frederic Sanford,Veum, Kohler and Conroy
10.1234/altmetric987,Rustic Wooden Pants,3087-2113,Frederic Sanford,Gorczany-Predovic
10.1234/altmetric989,Fantastic Concrete Computer,7125-4516,Howell Ratke,Friesen-Christiansen
10.1234/altmetric99,Intelligent Rubber Shirt,9024-1117,Ahmad Pouros MD,Cassin-Swaniawski
10.1234/altmetric990,Sleek Rubber Computer,5747-4525,Miss Martina Ward,Lebsack, Bashirian and Moore
10.1234/altmetric995,Fantastic Concrete Table,5039-2276,Randal Koelpin,Macejkovic, Paucek and Lowe
10.1234/altmetric997,Awesome Concrete Hat,7819-1776,Sage Waters I,Feeney, Wintheiser and Bauch
10.1234/altmetric997,Practical Plastic Table,4826-6971,Sage Waters I,Lind, Feeney and Hintz
