Title,ISSN
Bartell-Collins,1167-8230
"Sporer, Kihn and Turner",2885-6503
Durgan Group,0225-5454
Satterfield-Feeney,4993-2948
Kutch-Jacobson,9338-6612
"Bernier, Bashirian and Morar",5480-5126
Marquardt Inc,1117-0179
Gusikowski Inc,4588-6787
Crooks Group,3616-9834
Orn Inc,1286-4993
Pouros-Flatley,4375-9572
Rempel LLC,1233-5112
Donnelly-Jacobs,2588-2068
Heaney LLC,5222-4556
Stroman-Feest,7875-9731
"Gulgowski, Bayer and Langworth",4493-4185
Stroman-Erdman,3119-7753
Lynch and Sons,2781-6347
Quitzon Group,4457-7885
Raynor-Prosacco,9477-9472
Senger LLC,1622-5733
"Wolff, Douglas and Kub",7454-8126
"Bashirian, Bailey and Kunze",4895-6225
"Batz, Smith and Williamson",0809-3257
"Gerhold, Heathcote and Kovacek",3173-3488
"Schamberger, Keeling and Huel",6446-8044
Miller-Kilback,1226-7879
Kulas-Jacobson,0487-9224
Weimann Group,1226-1531
Hoppe-Fahey,7488-7374
Corkery-Jast,6817-8437
Ebert LLC,5361-4485
"Corkery, Denesik and Beahan",6187-8741
"Dooley, Shields and Veum",1648-4641
Schaefer-Nikolaus,6372-2723
Tromp-Predovic,6080-6624
Funk-Schuppe,7631-7807
Kuhlman Inc,5171-5395
Oberbrunner-Rogahn,0022-6144
"Ritchie, McCullough and Lubowitz",5032-8154
Cartwright-Cummings,8685-3579
Bode and Sons,3248-7742
"Adams, Moore and Grant",2877-6343
Koelpin-Padberg,5245-7757
Kertzmann and Sons,5508-2880
Bartell LLC,0367-8588
Dietrich and Sons,1304-8547
"Conroy, Jaskolski and Watsica",1026-8864
Wiegand LLC,9264-1332
Carter Group,5323-3036
Graham-Boyer,3976-6756
"Raynor, Ratke and Haag",1610-5714
"Raynor, Will and Hickle",2844-7884
"Mante, Larkin and Kihn",4313-9601
Crist LLC,8552-8613
Rempel-Steuber,0452-3653
"Klocko, Schneider and Nicolas",7928-7477
"Hintz, Schmeler and Morissette",6244-0687
Rolfson-Hessel,3908-4681
MacGyver-Bernier,2257-8967
"Padberg, Hettinger and Greenholt",5248-3976
O'Connell and Sons,7818-6587
"Ratke, Frami and Mertz",5560-6236
Reichert-Adams,6503-4632
Denesik-Corkery,1368-9499
"Mosciski, Baumbach and Emard",5252-8422
"Lebsack, MacGyver and Wyman",4310-4854
Weissnat Group,4064-3508
Davis-Gerlach,5107-0545
Herman Group,2356-7364
"King, Lang and O'Keefe",3168-8463
Wehner-Purdy,4673-8418
Cassin-Swaniawski,9024-1117
Predovic-Larkin,6806-5882
"Bins, Goyette and Walter",2104-5756
Thiel Group,6474-7834
Rice-Goodwin,5276-1745
Kozey-McGlynn,1086-2938
Ward LLC,7127-8586
Lowe Inc,4113-7822
Raynor-Jerde,1077-4186
"Cartwright, Schneider and Cummings",5184-6564
Cormier-Gulgowski,8506-6012
Schneider Inc,5244-2255
Gerhold-Bednar,3437-7421
"Cremin, Cruickshank and Schaden",5775-1776
Hudson LLC,6819-9758
Dickens LLC,1883-5659
"Kuphal, Hammes and Walter",4963-7894
"McLaughlin, Lind and Pagac",9934-9527
Ortiz LLC,5957-2817
"Hackett, Will and Watsica",4138-3590
Koch Inc,5915-4813
Schultz LLC,4932-5361
Bergnaum and Sons,2228-3372
"Rodriguez, Marvin and Spinka",5086-2512
"Medhurst, Larkin and Hackett",8251-3489
Borer Group,4613-3740
Kuhlman-Fritsch,5910-6347
Jacobs and Sons,1260-6474
Lakin-Lubowitz,8373-8183
"Lehner, Mohr and Leannon",2465-4952
Runolfsdottir Inc,8111-4558
Ondricka-Spinka,6783-4311
"Goldner, Cassin and Beer",8534-7621
Welch LLC,3934-3318
Terry-Wiegand,1271-8688
Haley Group,1889-3856
"Welch, DuBuque and Lindgren",5913-8253
Lesch and Sons,1578-0713
Bogisich Group,7566-2217
"Hyatt, Gibson and Walker",9749-4418
Schmitt-Metz,7865-1686
Emard Group,3423-0440
Ebert Group,4385-0364
"Quigley, Champlin and Romaguera",2138-3838
Cronin Inc,4702-1522
"Breitenberg, Conn and Wintheiser",7117-3884
"Fisher, Hand and Roob",2997-8754
"Kihn, Gutmann and Corwin",5693-5386
"Gottlieb, Doyle and Haley",4554-4925
"Weber, Cremin and Fritsch",8090-1815
"Lind, Feeney and Hintz",4826-6971
Gorczany-Spinka,7145-0577
"Homenick, Koepp and Bauch",3629-6665
"Hettinger, Monahan and VonRueden",3165-6713
"Considine, Tillman and Botsford",5827-3187
"Prohaska, Hilll and O'Conner",0215-7474
Raynor-Cole,6033-8324
Wisoky LLC,2987-4701
Reilly-Rogahn,8211-4592
"Bechtelar, Nicolas and Mertz",6732-3707
Steuber Group,8956-5805
Olson Group,6388-8634
McDermott-Wilkinson,3367-6325
Schaden and Sons,6301-3825
"Ruecker, Rodriguez and Bergnaum",2776-4634
O'Reilly LLC,7018-4305
"Zboncak, Considine and Collins",2360-2978
Gleichner and Sons,3841-7561
Parisian-Dibbert,9433-7455
Stracke LLC,2401-4478
Cummerata Group,1827-8841
Ward-Johnson,6705-1027
Cartwright-Turner,0949-4238
Hane-Emmerich,7271-7294
Marquardt-West,8924-6552
Brakus Group,9951-9532
Blanda LLC,3944-6446
Fadel-Dickens,6245-6396
"Lakin, Barton and Corwin",5455-8165
Klein Inc,5169-0617
"Wisozk, Dicki and Stark",7277-7557
"Green, Quitzon and Lind",1148-8815
Gutkowski-Beatty,0721-3837
Eichmann-Mills,7519-9131
Schultz-Feeney,8653-9158
Waelchi LLC,7732-5931
"Cassin, Hagenes and Macejkovic",9183-2684
Legros Group,1636-1405
Collier-Doyle,5084-5047
"Murphy, Aufderhar and Kuhn",3384-1343
Lynch Group,6363-5599
Heathcote Inc,6253-5863
"Morissette, Hyatt and McKenzie",9342-3758
Bergnaum-McGlynn,2485-7464
Swaniawski Inc,3910-7731
Frami and Sons,7186-1356
Conn-Howe,3801-0659
Lowe Group,6324-1490
Johns LLC,5307-9619
"Thompson, Stehr and Hane",8729-6649
Marquardt-Gulgowski,5281-5301
Gleason-Koss,9918-2097
Herman-Franecki,7465-4876
"Quitzon, Braun and Labadie",6622-3525
Kiehn Group,1347-9721
"Sanford, Abernathy and Lowe",4732-1082
"Abernathy, Graham and Runolfsson",5261-4288
Schmidt Inc,2067-4667
Kovacek and Sons,7448-8472
Willms and Sons,7785-0676
"Kihn, Casper and VonRueden",7231-5181
Boyer-Jacobi,2181-4322
Quigley-Haag,6683-7497
"Hahn, Ward and Anderson",4381-2432
Kiehn and Sons,3617-7596
Becker LLC,8768-8891
"Collier, Cartwright and Eichmann",9506-1127
"Pfeffer, Mayer and Gorczany",7826-6161
Murazik-Schneider,8485-4506
Legros and Sons,3098-2802
Waters LLC,1528-3282
Boyer-Hayes,4871-1850
Toy and Sons,8249-5787
Schmeler LLC,7728-3856
Jast-Balistreri,6022-3594
"Senger, Rath and Hermann",0428-1971
Smith-O'Conner,6322-4751
"Brekke, Bartell and Brown",3614-5445
"Mosciski, Waters and Lemke",2589-5880
"Maggio, Nicolas and Hessel",8279-4245
Prosacco-Schinner,5111-2970
Stehr-Mitchell,9815-8475
DuBuque Inc,7697-6672
"Baumbach, Nader and Wiegand",2233-7217
"Morissette, Abernathy and Barton",8707-7933
Beahan Group,3157-2974
Watsica Inc,7434-1496
Upton LLC,7646-0041
Franecki LLC,9115-4570
"Mann, Von and Jerde",4112-3595
Simonis-Roob,9987-3274
"Hickle, Sanford and Morissette",1873-1582
"Shanahan, Cormier and Auer",2870-7357
Hoeger Group,6131-6261
"Wolff, Corwin and Lemke",5026-2569
"Murphy, Bins and Hickle",8315-7589
Emard-Runolfsson,7846-2358
"Renner, Hyatt and Emard",2932-3456
"Corkery, White and Boehm",7744-7394
Satterfield-Kutch,5532-1895
"Kub, Donnelly and Schaden",5854-6564
Crooks Inc,6308-7514
Halvorson-O'Reilly,5321-5373
Zieme-Dach,4361-7445
"Windler, Reichert and Prosacco",2778-7457
"Kuhn, Nitzsche and Wyman",6839-5174
Waters-Reichel,5875-1506
Boyle-Stehr,6342-5172
"Rath, Leuschke and Krajcik",6468-9566
"Bode, Stiedemann and Renner",3785-1646
Towne-Conroy,0288-2781
"Bruen, Stokes and Greenholt",8029-1282
"Jast, Mraz and Sauer",4662-6810
"Stoltenberg, Bernier and Gottlieb",4137-4730
"Ullrich, Raynor and Kris",4114-2348
Bradtke-Kuphal,9218-4501
Okuneva-Kassulke,4785-5019
"Ryan, Marquardt and Ondricka",4074-4116
"Quitzon, Kohler and Zieme",1171-9705
Hodkiewicz-Carroll,0222-9942
Cummerata Group,9392-0074
Cassin Group,4046-7776
"Bahringer, Johnston and Daugherty",6540-4531
"Corkery, Towne and Von",1851-8706
"Klein, Zulauf and Hackett",5389-1400
O'Conner-Abernathy,3188-3286
Harvey-Bauch,8351-3303
"Harris, Hessel and Deckow",7086-1372
"Schaefer, Hegmann and Tromp",2920-2728
"Carter, Kris and Aufderhar",8851-5159
Goodwin-Wisoky,3331-6164
"Friesen, Hartmann and Trantow",4257-9336
Lind-Trantow,1873-0706
Tremblay and Sons,6256-6412
King Group,1511-1103
Rodriguez and Sons,5676-4509
"Haley, Brekke and Kessler",1311-8429
"Powlowski, Dooley and Emard",8725-9162
Mertz LLC,3258-8024
"Cruickshank, Tillman and Marquardt",7148-3722
Kuphal LLC,5718-8531
Brakus Inc,4726-3241
Howell Inc,9275-2941
Crist Group,3338-2874
Hane-Considine,7525-8480
Gorczany-Predovic,3087-2113
Stracke LLC,3045-7831
Rosenbaum and Sons,8408-1582
Hoppe Group,4020-5874
Hickle-Kassulke,1111-1545
"Vandervort, Lynch and Dietrich",9257-6141
Considine and Sons,1961-2244
Gorczany-McClure,5158-7063
"Cruickshank, Gottlieb and Connelly",5621-6787
Carter-Littel,7335-5377
Crooks Group,2173-5596
Feeney-Gutkowski,4841-2355
"Deckow, Littel and Vandervort",6725-6064
Tromp Inc,4569-9607
Padberg Group,8252-4031
Dibbert Inc,4325-4426
Lynch Inc,6475-2281
Dooley-Leannon,5536-2573
Hayes-Hodkiewicz,2487-7785
Grimes-Leffler,9808-0652
Hermiston-Renner,8879-3737
Ledner Group,8713-8741
Watsica LLC,8752-8133
"Trantow, Blanda and Stanton",8078-7735
Moen-Predovic,5366-9821
Bogan LLC,2538-1519
Koepp LLC,3151-4125
"Abshire, Funk and Pouros",1381-5358
"Emard, Schuster and Quigley",7577-2825
Graham Inc,8662-6327
Metz LLC,1772-4834
Nitzsche-Gleason,8873-7694
"Haag, Botsford and Cummerata",3419-6511
Larson-Stark,0386-5126
Donnelly Inc,1085-4412
Kovacek-Hahn,7581-1723
Will-Ullrich,9294-6449
Veum LLC,6673-9283
"Murray, Lebsack and Mertz",5872-0334
"Hand, Hermiston and Carter",0227-8891
Bogisich Group,3223-0094
Cruickshank and Sons,6351-3231
Schuppe and Sons,5726-0888
Hettinger-Murazik,3664-6592
Graham-Ullrich,7242-9492
"Johns, O'Hara and Berge",9323-3735
Zemlak Inc,0930-8373
"Hane, Langworth and Reichert",8950-9037
"Marks, Farrell and Heaney",6958-7663
"Breitenberg, Rice and Kiehn",0165-3926
Greenholt-Wilkinson,8631-6357
Keeling LLC,5471-1737
Kiehn-Schuster,5343-5884
Muller Inc,4601-2746
Schultz Group,3281-1285
Hessel Group,1296-8514
Hilll Group,7472-4144
Moore Group,9670-3728
Yundt Inc,8423-2585
"Bogisich, Maggio and Jones",0515-3818
"Hoppe, McGlynn and McLaughlin",5633-4102
Towne-Medhurst,6532-9831
"Lockman, Wolf and Anderson",9241-3535
Robel-Wiza,4572-7205
Schaden Group,7586-7357
Stiedemann and Sons,3093-1384
Paucek-Kihn,0367-3323
Halvorson Group,5083-5659
Stark LLC,3092-3535
"Dach, Collins and Cummerata",3573-8386
"Davis, Witting and Spencer",8541-5457
Lakin and Sons,3454-7382
O'Connell-Beatty,6668-3047
Waelchi-Maggio,2365-1917
Stanton Inc,0238-2116
"Hauck, Jerde and Williamson",8473-1916
Aufderhar Group,7776-4395
"Wolf, Schimmel and Armstrong",4280-6319
"Collins, Jacobson and Schulist",8379-6915
Cole-Thompson,1061-5642
Marks-Spencer,1144-3385
"Wisozk, Carroll and Thiel",7573-7112
Yundt Group,5171-7476
"Klein, Dibbert and Nienow",4049-6001
"Heaney, Bailey and Kutch",6390-8083
"Walter, Cummings and Ruecker",3474-9268
McKenzie and Sons,5852-4507
Medhurst-McLaughlin,6895-5280
"Gorczany, Leffler and Beatty",5125-9885
Schultz-Yost,4907-8344
Rau-Kohler,7344-6142
Huels and Sons,1777-2954
Lubowitz-Quigley,2055-1498
"Tillman, Abshire and Goldner",6888-1677
Nolan and Sons,6704-0825
"Goldner, Bernhard and Mosciski",6183-1943
Bednar Group,2974-8513
Carter and Sons,4131-3754
Quitzon-Boehm,2704-1028
"Glover, Turcotte and Rowe",8611-3315
Ullrich-Gaylord,8722-6849
"O'Keefe, Crist and Fritsch",2394-5268
Bernier Group,7421-8027
Kertzmann-Grant,7820-5817
Nicolas and Sons,1654-0342
Waters Inc,4677-7383
Hirthe-Leannon,1384-4433
Adams-Fay,3760-2228
Brown-Mayert,4833-6487
Nolan-Hagenes,5325-4511
Cremin and Sons,7454-5327
"Lebsack, White and Aufderhar",1860-2552
Muller and Sons,9171-4808
"Sauer, Collier and Maggio",7508-7813
Bogisich and Sons,7264-5921
"MacGyver, Satterfield and Kutch",3253-3273
Hudson-Muller,8232-7575
"Ebert, Davis and Runolfsdottir",6647-3645
"Bernier, Zboncak and Upton",2065-9562
"Reichert, Jones and Hilll",3542-8248
"Feeney, Wintheiser and Bauch",7819-1776
Carter-Durgan,4866-8484
Stark Inc,6892-6126
Lesch-VonRueden,4841-2617
Corkery-Feil,4072-1425
"Christiansen, Reichel and Nolan",6166-3838
Kunde-Hettinger,8387-5723
Haley Group,6463-1886
Hand LLC,9865-2746
Kihn Inc,0529-5816
"Shanahan, Green and Ziemann",1337-8688
Bogan-Reilly,2774-2531
Kulas-Huels,8334-6741
Conn Group,4680-1316
Wehner Inc,3442-7976
Cronin-Ruecker,7307-5828
Kirlin and Sons,6363-1324
Williamson and Sons,5289-3298
"Satterfield, Boyer and Bayer",8209-6216
"Ankunding, Johns and Goodwin",8128-3937
Kling LLC,7641-5567
Larkin-Fadel,4556-7552
"Miller, Gorczany and Davis",3830-2705
Powlowski Group,1527-7797
Zulauf LLC,8643-1856
"Smith, Cartwright and Marvin",1285-6632
"Veum, Kohler and Conroy",1710-2171
Harvey LLC,7198-0726
"Cremin, Tillman and Hauck",9729-0556
Runte-Schiller,1269-6385
Feil-Jacobs,6816-5907
"Schmidt, Gislason and Heathcote",1005-2565
"Lockman, Hahn and Davis",8474-5348
Schaden-Wehner,7235-4286
Nikolaus-Cartwright,2162-3629
Turcotte-Willms,4364-6227
"O'Conner, Kub and O'Keefe",2275-5487
Hilll Group,4353-3591
"Cronin, Hartmann and Swaniawski",7582-9940
"Mayer, Hahn and Gibson",6882-3891
Bernhard-Shanahan,4255-8197
Braun-Considine,3873-8262
Baumbach and Sons,1601-2937
Wisoky-Heidenreich,7247-8258
"Pfannerstill, Rodriguez and Heller",4462-1752
Von-Ebert,2376-6753
White and Sons,3387-2062
Kovacek Inc,4939-6274
Hettinger Group,5342-5542
"Wisoky, Kirlin and Kuphal",7687-8576
Lesch-Schimmel,1610-0173
"Veum, Renner and Swaniawski",9900-9778
"Mitchell, Von and Rice",7866-8105
Mann-Willms,8300-0511
"Larkin, Considine and Hudson",1441-0398
Denesik Group,8771-1068
"Schmidt, Miller and Schamberger",3394-4393
Kassulke Inc,0495-4738
Welch Group,2341-0811
Zboncak-Hermiston,2445-2848
Ratke and Sons,5372-6425
Rogahn-Swift,2740-4014
Johnston-Jacobi,6003-1744
Carter-Leannon,8172-2536
"Schinner, Gerhold and Purdy",5232-5412
"Cummings, Cremin and Pollich",6112-3559
"Doyle, Stehr and Klein",7536-3813
"Pouros, Bergnaum and Farrell",4321-6136
Stark Inc,5770-2137
"Harber, Blanda and Moore",2451-0689
Hickle-Jaskolski,5245-0933
"Grimes, Pfannerstill and Doyle",2029-9252
"Crist, Huel and Wuckert",4877-3434
Block LLC,7535-6816
Wunsch and Sons,7819-5603
Predovic-Swaniawski,3842-8885
Kling-Conn,5921-5173
"Gleason, Terry and Funk",7294-3703
"Hudson, Cronin and Kassulke",7651-1819
Gulgowski Inc,2565-9228
Graham-Hane,4669-4850
"Thompson, Breitenberg and Braun",2886-2562
"Ledner, Greenfelder and Fahey",3124-3083
"Green, Cassin and Weber",6549-2588
McLaughlin-Franecki,6264-3507
Schmidt-Smith,3463-1332
Conn-Zboncak,4470-3510
Lehner Inc,1318-2659
Mohr and Sons,3117-2462
Bogan-Kertzmann,6515-4035
Adams Group,4783-1239
"McGlynn, Ebert and Franecki",7463-5039
"Gottlieb, Kunze and Bechtelar",1061-0790
Romaguera Inc,4778-8294
"Skiles, Lynch and Lebsack",6011-4094
"Zulauf, McKenzie and MacGyver",5446-1062
Wintheiser-Daugherty,8594-4669
"Walker, Pollich and Pfeffer",5323-5136
Pollich-Kuhn,3891-2175
"Wiza, Kirlin and Hoppe",7910-7871
Roberts-Moore,6449-6726
"Bechtelar, Davis and Senger",5460-5260
Koepp-Hoeger,4951-7572
Stamm-Bernhard,8334-7458
"Sporer, Kling and Wolff",3706-3255
"Feil, Rolfson and Morissette",5692-9172
Herman Group,5815-6755
"Predovic, Leffler and Strosin",7037-1531
"Champlin, Steuber and Kutch",5626-7630
Lubowitz LLC,9131-7654
Feeney-Hettinger,4555-1040
Renner LLC,3088-8384
Prosacco Inc,1301-2039
"Sauer, Mills and Rodriguez",2330-6361
Ferry-Parker,1622-3125
Klein LLC,3163-7612
"Bernier, Cormier and Littel",7332-1173
"Moen, Wintheiser and Kuhlman",3887-4607
Bode LLC,5105-3219
Kulas-Harber,5780-8787
Haley Inc,7013-1708
Olson LLC,3576-5707
"Paucek, Bode and Predovic",1476-3768
Runolfsson-Bauch,6372-9601
Fay Inc,1240-1326
"Homenick, Beahan and Cremin",7310-3183
Robel Inc,8402-8565
Kshlerin-Ankunding,7515-3732
"Ruecker, Flatley and Moore",4316-7417
Hyatt-Goodwin,7651-7893
Tromp-Gleason,3942-8786
"Jaskolski, Hintz and Murphy",2106-1940
Corwin-Dooley,1617-1541
Cummings LLC,9194-0221
"Johnson, Cassin and Little",0421-6696
Ebert and Sons,6635-8622
"Towne, Kuhlman and Hackett",8755-8175
Mayer-Reichel,7136-5517
Feeney-Boyle,4685-9733
Cummings and Sons,7359-1660
Rempel-Schoen,8603-6448
Ernser Group,8647-8254
Schmeler-O'Keefe,2793-8658
O'Reilly-Turcotte,8870-6244
Kulas Group,3324-4473
"Auer, Walsh and Reichert",1753-3345
Thiel LLC,8873-3843
"Champlin, Jacobson and Stehr",4361-4534
Pouros-Lockman,6184-0815
Schimmel LLC,1002-7248
"Johns, Maggio and Heathcote",1066-0564
"Kuvalis, Schinner and Koch",1767-8303
"Wintheiser, Nitzsche and Steuber",7486-7537
O'Reilly-Robel,2855-1607
Kunde Inc,1344-5885
Hackett and Sons,2447-3901
Rogahn-Rice,7178-0841
Howe LLC,9794-0064
Stoltenberg-Schuppe,6785-8641
Harvey Group,4746-8743
Miller LLC,2883-6414
"Kunze, Labadie and Green",1658-3556
"Hamill, Grant and Dietrich",5026-2897
Becker and Sons,4336-8427
Wilderman Group,5158-1008
Bergstrom Inc,4258-6678
Wehner-Green,7126-8933
Gusikowski LLC,4152-4573
Mohr-Cruickshank,7983-3015
Grant LLC,1238-8632
Bosco-Cruickshank,1855-3425
Schoen Group,3651-5935
Armstrong-Miller,7574-4367
Littel and Sons,6036-9323
"Terry, Aufderhar and Heller",9201-8765
Kutch-Romaguera,9536-1604
"Stark, Tromp and Hilpert",1674-8463
"O'Connell, Witting and Schinner",3364-8578
Jacobs Inc,0647-4622
Wiegand Group,3613-1555
"Kuhlman, Aufderhar and Auer",1712-8169
Lueilwitz Group,5464-4547
Terry-Roob,4549-6665
Steuber LLC,4098-0477
"DuBuque, Schmidt and Beahan",2641-8758
"Satterfield, Mosciski and McClure",1727-6738
Champlin-Stanton,3057-9440
Schuster-Swaniawski,0258-2413
Hand Inc,2771-4463
"Thiel, Grant and Wunsch",0088-5212
Weber-Maggio,9858-3024
Padberg-Schulist,8566-1261
Muller-Carter,4212-2124
Mertz-Wolf,2249-7126
Von-Vandervort,4877-4668
"Schinner, Hackett and Schimmel",7234-3825
Paucek-Connelly,9736-0483
Gislason-Kohler,8666-5162
Schowalter Inc,4372-2804
"Powlowski, Kuhn and Krajcik",1869-0523
"Homenick, Jones and Tillman",7071-7627
Wintheiser-Mosciski,3244-4791
Mueller Group,2454-1401
Quitzon Group,6364-6522
Smith-Runte,6456-2430
"Stehr, Bashirian and Frami",4515-0011
Wehner and Sons,8991-4781
Rempel Inc,1817-4888
"Schultz, Howell and Kozey",4184-2526
"Maggio, Cremin and Hills",8378-6466
Tillman-Bergstrom,4814-1731
"Cruickshank, McKenzie and Weimann",3132-7124
Barrows Group,3413-2625
Osinski Group,8778-2611
Doyle-Zieme,2129-2328
Miller Group,3324-7837
"Huels, Johnston and Braun",7461-7147
Vandervort-Gleason,9249-7664
"Schiller, Simonis and Hilpert",4133-5336
"Oberbrunner, Swift and Glover",1641-1772
"Bergstrom, Christiansen and D'Amore",5042-6766
Schoen-Block,5450-8235
Watsica Inc,5710-8437
Swift Inc,5948-2140
"Walter, Stanton and Schuppe",4489-4232
Sanford Inc,2083-2487
Wisozk-Langworth,2177-0588
Smith-Reynolds,4366-7126
"Hermiston, Parker and Friesen",7208-1135
Marquardt Inc,7042-3611
Kiehn Inc,7388-8824
Fay Inc,7926-5617
Leffler-Wisoky,3716-0475
Brekke-Mertz,6241-6054
Kohler-Weber,2264-6324
Bailey-Huels,5821-4745
"Lesch, Leannon and Schiller",1011-2513
Lebsack and Sons,6263-8718
Conroy-Mosciski,6288-7860
Gottlieb-Gleichner,7480-8864
Miller and Sons,4342-2271
Braun LLC,4438-0245
Abbott Group,0487-0164
Hermann LLC,6849-6642
Zieme and Sons,8337-9477
"Vandervort, Ortiz and Johnson",9312-7220
Sanford-Pacocha,5617-4148
Mraz LLC,3510-4424
Hahn and Sons,3775-0307
Schumm-O'Conner,7727-2747
Schoen Group,6314-0626
Daniel-Moen,1918-7261
"Reinger, Mertz and Weber",2814-4218
Lubowitz-Frami,3888-5853
Crona-Baumbach,3574-8397
Kunde-Robel,3264-8846
Spencer-Altenwerth,8465-6865
"Bahringer, Nolan and Rutherford",6717-8535
Volkman LLC,8200-3142
Mante Inc,2009-6833
Mayert-Powlowski,8121-0980
Adams-Balistreri,8545-3348
"Vandervort, Hane and Heller",4368-3678
Torphy-Sawayn,9032-2766
Bashirian-Gerlach,8874-3213
Bosco and Sons,0736-8516
"Leuschke, Hammes and Hegmann",9481-4606
"Rath, Balistreri and Price",6473-5848
Bartoletti-Lebsack,2822-9396
"Armstrong, Kautzer and Kertzmann",3307-4855
Vandervort-Bernier,1394-1363
"Hudson, Doyle and Spencer",8757-6777
Bednar-Rogahn,6454-1054
Erdman-Franecki,1408-7633
"Jacobs, Jenkins and Schinner",3112-7657
Rempel Group,1431-5176
Marquardt and Sons,6847-7719
Kessler Group,3394-7546
King-Boyer,4876-9441
"Crist, Cole and Auer",4432-6577
Gottlieb and Sons,3355-0845
Hettinger Group,4415-5455
Frami Group,7988-0761
Cole Inc,1673-1614
"Paucek, McCullough and Kuhn",1761-4591
Lockman-Wehner,7546-0488
"Veum, Wisoky and Brekke",5711-2705
Wuckert and Sons,4494-1335
Blanda-Roberts,8875-7642
"Kuhn, Buckridge and Schuppe",1032-4418
Hegmann LLC,9136-8543
Macejkovic Group,7717-6425
Walter Group,8196-3322
"Gusikowski, Buckridge and Prosacco",8708-9669
"Lind, Crist and Skiles",5134-6234
Douglas-Boehm,7726-7185
Hoeger and Sons,2532-7968
Armstrong-O'Hara,8718-8848
"Bins, Hudson and Wolff",4614-1973
"Kovacek, Rempel and Schulist",8822-3581
"Pacocha, Reichert and Wuckert",4068-2837
Konopelski-Hane,2207-9031
Breitenberg-Hessel,5437-2221
Kris-Kovacek,8757-5584
Goldner LLC,0421-2684
"Schiller, Feeney and Kuhlman",8151-0432
"Kilback, O'Keefe and Douglas",8348-1098
Hyatt-Howe,3101-3955
Gutmann-Schmidt,4870-1414
Runolfsson-Schaden,1250-6310
"Schmeler, Murphy and Bednar",4756-5796
Romaguera Inc,5188-8757
Okuneva-O'Connell,5917-6399
Lindgren-Haley,8137-8341
Champlin-Abernathy,6342-6190
Runolfsdottir-Stehr,7386-3718
Huels Group,4673-5784
Goyette-Lind,1604-2725
"Bednar, Tromp and Rempel",6337-6036
"Pagac, Corwin and Hartmann",7499-5579
Bernhard and Sons,8422-8846
"Mohr, Denesik and Wolff",1567-2301
Greenholt Group,3354-9101
"Considine, Bartoletti and Reichert",7178-1138
"Roob, Weimann and Steuber",1887-0675
"Torp, Fisher and Kovacek",7469-8584
Purdy Group,2144-8578
Langosh-Kshlerin,3550-3345
Carroll-Stehr,3963-7736
"Goodwin, Price and Connelly",7152-1502
"Rempel, Jacobson and Satterfield",6581-3271
"Bayer, Schaden and Watsica",8627-7875
"Simonis, Fritsch and Douglas",3210-7141
Murphy Group,6332-7710
Rosenbaum-Auer,7263-4747
"Hane, Fahey and Moen",2163-1504
Littel-Konopelski,4754-6018
Durgan-Ryan,6754-6563
"Kohler, Bayer and Stoltenberg",5121-7813
Ankunding-West,3625-6812
Bauch Inc,2878-6312
Toy Inc,0782-4538
Kessler and Sons,3555-5797
Lowe-Keeling,1181-6406
Huels LLC,1812-8826
Homenick-Bins,3684-8267
Cronin and Sons,5711-3394
Marks-Cartwright,6535-2431
"Daugherty, Jakubowski and Schumm",5615-5801
Kohler LLC,3942-1325
"Gottlieb, Wisoky and Hagenes",7237-4203
Pacocha-Lowe,8229-6263
Senger-Simonis,0156-2565
"Bechtelar, Gerlach and Graham",3022-9225
Murazik Inc,8422-0770
Dietrich Group,6457-7841
Aufderhar-McKenzie,4311-6071
"Harber, Stracke and Pfannerstill",9369-4231
Rogahn-Kerluke,2435-5144
Zulauf-Bauch,0015-8878
"Boyle, Yost and Swift",1088-1882
"Reichel, Wiza and Spencer",4352-4478
Dare Group,9521-4347
Labadie Inc,2472-6945
"Kilback, Rice and McLaughlin",2270-8081
Denesik Inc,8176-1391
Rodriguez Group,3373-8427
Macejkovic-Reynolds,4141-4049
Labadie-Monahan,5055-1763
"Yundt, Kuvalis and Corkery",8482-7296
Purdy-Batz,8885-9341
Effertz and Sons,1727-1480
Weissnat Inc,9557-9477
Bogisich-Jenkins,1147-5723
Veum LLC,4157-2271
Kuhlman Inc,3257-9365
"Lueilwitz, Durgan and Dickinson",5818-3335
Stark-Funk,6838-7525
Kuphal-Streich,8236-1406
"Boyle, Kunde and Reichert",1455-7448
Sawayn-Stoltenberg,3516-3718
"Goldner, Schowalter and Adams",1722-6342
"Homenick, Watsica and Brekke",6882-2867
"Satterfield, Boyer and MacGyver",3484-2652
"Douglas, Bogisich and Glover",1817-7537
Schamberger LLC,4469-7507
Beer LLC,1480-6383
"Veum, Collier and Crona",8438-4401
Russel-Bartoletti,9894-3761
"Murray, Conn and Nicolas",4071-1281
Robel-Hermann,6023-6213
Volkman Inc,3466-9141
Tremblay-Stoltenberg,7745-0694
Hoeger Group,7736-0975
Aufderhar-Hintz,5561-1380
"Harris, Mertz and Hermann",4238-6865
"Cummings, Connelly and Schulist",0791-8389
"Grant, Murazik and Skiles",5635-6487
"Nitzsche, Bradtke and Schmeler",2116-8587
Crona and Sons,0836-7218
"Gaylord, Ebert and Schimmel",4732-3783
"Will, Kuhic and Metz",2665-9544
Nitzsche-O'Keefe,7424-6742
Torphy LLC,6320-2884
"Kuhic, Raynor and Schamberger",2813-1816
"Hilll, Maggio and Farrell",6024-7912
"Larkin, Kilback and Maggio",4203-2650
Dicki-Leffler,3246-0434
Stiedemann LLC,2366-1863
Grady and Sons,6235-7840
Upton Group,2721-9414
"Macejkovic, Paucek and Lowe",5039-2276
Friesen-Christiansen,7125-4516
Hyatt Group,8738-0753
Marvin LLC,4812-3148
Bernhard LLC,2175-3233
"Breitenberg, Dietrich and Corkery",6625-6746
Barton-Collins,0153-2685
"Purdy, Treutel and Johns",4438-7273
Satterfield Inc,5369-2287
Stokes-Wunsch,1370-8176
Bailey Group,2539-4366
Brakus-Buckridge,9180-9382
Stokes-Wolff,5652-1637
"Paucek, Hackett and D'Amore",1197-4558
Brakus and Sons,8375-1751
Zieme-Roberts,4827-5681
"Williamson, Sipes and Tromp",2191-2622
Rau-Kessler,4814-7191
"Bernier, Marquardt and Frami",9673-9033
Welch-Kuhlman,5617-7741
"Feeney, Stamm and Shanahan",4389-0212
Ryan-Graham,1582-8837
"Jerde, Rath and Lehner",1058-8546
"Fahey, Zieme and Reynolds",0557-4223
"Gleichner, Shanahan and Predovic",9667-8162
"Heidenreich, Ullrich and Rolfson",3154-9128
White LLC,3292-6221
Reichel-Pollich,1831-5643
"Sawayn, Schimmel and Hegmann",3767-5256
Fahey Group,7055-7316
"Gusikowski, Ernser and Will",2779-7014
Erdman-Torp,7158-4771
"Stroman, O'Connell and Satterfield",8274-5775
Klocko Inc,2453-5414
"Flatley, Gleason and Erdman",4313-2846
"Kirlin, Littel and Collier",1442-9686
Zieme Group,2106-7011
Schaefer LLC,6749-2713
Hilll-Dooley,2171-6531
"Jaskolski, Cronin and Mayert",5444-9542
Kuhic Inc,7560-4098
Davis-Wolf,5624-7424
Effertz-Lang,0165-5467
"Funk, Blick and Glover",8618-5886
"Beatty, Yundt and Ruecker",5185-8518
Powlowski-Hermann,9771-6447
"Leuschke, Jones and Runolfsson",0814-3861
"Keeling, Yundt and Gusikowski",9822-9395
"Howe, Skiles and Schuppe",3131-8780
Moen and Sons,7876-3532
"Hamill, O'Keefe and Klein",5105-5241
Breitenberg LLC,3519-6929
Trantow Inc,7816-3827
Corwin LLC,3319-8105
Schoen-Huels,4843-8552
Eichmann LLC,2577-4546
Zieme-Casper,0267-1428
"Waelchi, Goyette and Kuhn",8512-8234
Wolff-Gleason,1323-0738
Sporer LLC,7225-6579
"Hettinger, Roob and Johnson",1289-6437
"Reynolds, Wilkinson and Rice",5188-4381
Wehner-Jerde,2852-4351
Heaney Inc,1843-6794
Kassulke-Hansen,8735-4287
Quitzon Inc,2296-6487
Greenfelder and Sons,5531-6116
"Skiles, Sporer and Will",5982-1413
"Herzog, McLaughlin and O'Conner",4743-0693
"Luettgen, Reynolds and Ebert",6418-1601
Zboncak Group,8743-5081
"Abshire, Koch and Bayer",0382-2084
"Fisher, Kris and Kilback",5812-3326
Witting-Hand,2738-9740
Walker-Lehner,8277-8613
Schulist and Sons,7321-3181
Crooks Inc,4034-8035
Bruen and Sons,3285-1949
"Heaney, Swift and Murphy",5688-6579
Runolfsson and Sons,1761-0438
Connelly-Heathcote,7107-2132
Moore-Hyatt,3794-7555
Kessler Group,7846-5464
Gulgowski and Sons,5617-1131
Shields-Osinski,5224-6408
Hansen-Kub,7625-3711
Becker and Sons,1874-3863
Schinner-Keebler,6221-7653
Carroll-Russel,0321-2877
Balistreri LLC,5166-2372
"Little, Dooley and Bauch",6013-5457
Aufderhar-Cremin,1603-5335
Rempel Inc,4562-1383
Fay-Hilpert,6532-7743
Welch LLC,4589-8693
Hagenes Group,7995-5671
"Padberg, Marquardt and Turner",4768-6863
Pagac-Reichert,2251-6938
Mante LLC,7326-7365
Conn-Zemlak,5819-9893
Ziemann-Lemke,1257-7716
"Nolan, Okuneva and Carroll",9512-2584
Homenick-Buckridge,2247-2396
"Stroman, Gibson and Hamill",6877-2213
Grant LLC,5111-4288
Hickle LLC,4264-8993
"Reichel, Feil and Schmidt",8284-2953
Hoeger-Gulgowski,5929-4022
"Zulauf, Berge and Hartmann",6772-8260
Lemke-Sauer,2172-8744
"Kemmer, Kris and Kemmer",6328-7573
Kulas LLC,3521-5348
"Lebsack, Bashirian and Moore",5747-4525
Bergstrom-Dach,6567-7838
Schaefer-Sanford,8149-2718
"Crona, Douglas and Legros",3826-8451
Lueilwitz-Maggio,4682-7523
Gottlieb and Sons,1636-9622
"Kuhic, O'Conner and Dickinson",1155-5622
Mraz Inc,9032-5784
Hettinger-Mosciski,7718-7355
Pacocha Group,9690-7628
Ebert-Mills,7536-7512
Trantow Group,1697-5647
Borer-Hahn,1638-1452
Bradtke-Wiegand,7442-7246
Thompson-Lemke,5576-1711
Schimmel LLC,1552-4238
Will Inc,3381-2751
Huel LLC,8930-2501
"Powlowski, Cassin and Parker",3296-0769
Goldner-Homenick,4835-6816
Satterfield LLC,7894-1777
Rempel-Block,4913-6441
Brakus-Lebsack,4757-8261
O'Kon-Raynor,5704-2427
Gutkowski Group,4662-7769
"Conroy, Mohr and Casper",8428-1571
Douglas-Kuhic,2019-5414
Wisozk LLC,8306-1876
"Borer, Simonis and O'Keefe",2246-3375
"Prosacco, Wilkinson and Armstrong",8035-7179
Kulas-Gaylord,6303-3283
Hand-Wilkinson,0777-6439
"Moore, Bradtke and Hirthe",8584-7964
"Kuphal, Tremblay and Bauch",8792-4401
Smitham-Luettgen,6181-0687
Rempel Group,3151-1811
Waelchi and Sons,7512-3918
Bednar-Kunze,8399-2341
"Murphy, Borer and Schaefer",3361-6502
Kihn-Stamm,0176-3381
Zemlak-Torphy,1756-3931
"Toy, O'Hara and Hilll",8828-5735
Graham-Swaniawski,6974-5422
Schowalter Inc,3246-6647
Hane-Heller,2425-3625
"Wiegand, Kirlin and Ebert",8871-5976
Olson-Effertz,8684-3713
"Okuneva, Hintz and Stark",9446-2746
Zboncak LLC,4726-1428
Reichel and Sons,8076-4225
Lebsack Inc,1703-5106
Waelchi Inc,7314-8068
Abernathy-Veum,3025-3203
Stokes-Daniel,5302-8581
Littel LLC,2931-5636
Runte LLC,7644-8713
Hills Inc,3429-1511
Robel-Runolfsson,6745-4553
Gorczany-Koepp,5454-5726
"Goldner, Connelly and O'Hara",0833-4075
Corkery Inc,1334-9157
Sipes and Sons,8516-3166
Wisoky-Gulgowski,0711-5119
"Larkin, Kovacek and Leannon",3155-4114
"Lindgren, Breitenberg and Krajcik",2473-1342
"Nolan, Watsica and Yundt",3177-6553
"Smith, Boehm and Haley",8447-5341
Runte-Kuhlman,0695-7017
Orn-Nolan,7434-8418
Mraz LLC,2486-8886
"Emmerich, Ward and King",2569-4841
"Wilkinson, Gaylord and Gerlach",2542-5856
"Runolfsdottir, Barton and Schmitt",0526-1136
"Rath, Spinka and Parisian",6573-8266
"Glover, Effertz and Klocko",0252-3423
"Nader, Hirthe and Morissette",5143-4307
"Huels, Boyer and Gibson",8264-2070
Keeling Inc,6477-4274
"McLaughlin, O'Kon and Bernier",9042-6101
Rutherford-Hand,2838-4244
"Franecki, Herman and Krajcik",1531-7130
Koch LLC,0645-8162
Rolfson and Sons,1236-7711
Armstrong and Sons,3746-2824
Schumm Inc,8117-5338
"Quigley, Halvorson and Wiza",0768-9664
"Sanford, Hansen and Bednar",5548-6429
Rodriguez-Grant,6532-2353
Braun and Sons,6650-5373
Ondricka-Becker,0885-5178
